{
  "N_rps": 3.0776167673690003,
  "Tm_C": 200.53947444154738,
  "Q_kgh": 1.8886899776757125,
  "Torque_Nm": 0.25
}