{
  "N_rps": 4.333865336159841,
  "Tm_C": 206.42909218843812,
  "Q_kgh": 1.651757978993471,
  "Torque_Nm": 0.25
}