elastomer_wtpct,filler_wtpct,compat_wtpct,N_rps,Tm_C,Q_kgh,Torque_Nm,talc_wtpct,intune_wtpct,stabilizer_wtpct,baseA_wtpct,baseB_wtpct,mode,E_GPa,MFI_g10min,sigma_y_MPa,Izod_23_kJm2,Izod_m20_kJm2,HDT_C,Shrink_pct,rho_gcc,eps_y_pct,Gardner_J,Xc,phi_el,phi_f_talc,phi_f_caco3,phi_f_biofiber,phi_f_biochar,tau_s,pvac_bar_abs
14.080441980222027,11.50458142777428,1.469346556306205,4.817083656632658,217.79094262036094,7.9263095571467534,0.25,0.0,0.0,0.21,63.765630035697484,8.97,bo_suggested,0.774330940611671,25.012724897153497,20.939133239926353,44.068923551978564,7.558030596845609,81.53484355026853,,0.893919397379688,7.6091162528441645,35.01924399525265,0.3921153443622746,0.1653847303935013,0.0,0.0,0.0,0.0,45.0,0.1
