elastomer_wtpct,filler_wtpct,compat_wtpct,N_rps,Tm_C,Q_kgh,Torque_Nm,talc_wtpct,intune_wtpct,stabilizer_wtpct,baseA_wtpct,baseB_wtpct,mode,E_GPa,MFI_g10min,sigma_y_MPa,Izod_23_kJm2,Izod_m20_kJm2,HDT_C,Shrink_pct,rho_gcc,eps_y_pct,Gardner_J,Xc,phi_el,phi_f_talc,phi_f_caco3,phi_f_biofiber,phi_f_biochar,tau_s,pvac_bar_abs
15.220176887343937,5.797687523446355,2.034781431307584,6.494045105904238,220.61888654680394,4.675501795976076,0.25,0.0,0.0,0.21,67.76735415790213,8.97,bo_suggested,0.7675209482521393,25.03997547681559,21.68641892537741,58.99174558506816,10.117365757014486,81.27620430338152,,0.8939014941909568,7.681467410615117,35.31288649771456,0.3912216497895644,0.16793814345838748,0.0,0.0,0.0,0.0,45.0,0.1
