elastomer_wtpct,filler_wtpct,compat_wtpct,N_rps,Tm_C,Q_kgh,Torque_Nm,talc_wtpct,intune_wtpct,stabilizer_wtpct,baseA_wtpct,baseB_wtpct,mode,E_GPa,MFI_g10min,sigma_y_MPa,Izod_23_kJm2,Izod_m20_kJm2,HDT_C,Shrink_pct,rho_gcc,eps_y_pct,Gardner_J,Xc,phi_el,phi_f_talc,phi_f_caco3,phi_f_biofiber,phi_f_biochar,tau_s,pvac_bar_abs,literature_consistency_score,realism_penalty,recommended_bo_weight,confidence,evaluation_status
15.4652886878063,15.532017828674508,1.883975040273537,3.0000277446117645,223.1199188125588,9.086807083218773,0.25,0.0,0.0,0.21,57.93871844324565,8.97,bo_suggested,0.7099176276933957,25.00528108487621,19.4238340021284,24.62137138718278,4.222682636237699,79.00672418924937,,0.893049968635805,8.302313082293495,37.864576025830296,0.3834556381822556,0.1901267480506982,0.0,0.0,0.0,0.0,45.0,0.1,0.1,0.1,0.0,Error,failed
