{
  "N_rps": 4.038834436786221,
  "Tm_C": 203.45790334218083,
  "Q_kgh": 4.98346738348155,
  "Torque_Nm": 0.25
}