elastomer_wtpct,filler_wtpct,compat_wtpct,N_rps,Tm_C,Q_kgh,Torque_Nm,talc_wtpct,intune_wtpct,stabilizer_wtpct,baseA_wtpct,baseB_wtpct,mode,E_GPa,MFI_g10min,sigma_y_MPa,Izod_23_kJm2,Izod_m20_kJm2,HDT_C,Shrink_pct,rho_gcc,eps_y_pct,Gardner_J,Xc,phi_el,phi_f_talc,phi_f_caco3,phi_f_biofiber,phi_f_biochar,tau_s,pvac_bar_abs
14.11334362259053,17.309568344038556,1.5282603761074116,6.41135887174679,236.6421700579943,6.054958017188238,0.25,0.0,0.0,0.21,57.868827657263495,8.97,bo_suggested,0.7428115591946309,25.039854485956,21.468667237505233,59.27194889867376,10.16542196186076,80.32107461683327,,0.89349293813797,7.945801042174272,36.39225109246361,0.3879366271098934,0.17732392254316182,0.0,0.0,0.0,0.0,45.0,0.1
