{
  "N_rps": 3.0000277446117645,
  "Tm_C": 223.11991881255878,
  "Q_kgh": 9.086807083218773,
  "Torque_Nm": 0.25
}