elastomer_wtpct,filler_wtpct,compat_wtpct,N_rps,Tm_C,Q_kgh,Torque_Nm,talc_wtpct,intune_wtpct,stabilizer_wtpct,baseA_wtpct,baseB_wtpct,mode,E_GPa,MFI_g10min,sigma_y_MPa,Izod_23_kJm2,Izod_m20_kJm2,HDT_C,Shrink_pct,rho_gcc,eps_y_pct,Gardner_J,Xc,phi_el,phi_f_talc,phi_f_caco3,phi_f_biofiber,phi_f_biochar,tau_s,pvac_bar_abs
17.99157622336095,7.473204664138277,2.909413284094244,6.433600793146136,206.26268653845622,4.972358488083788,0.25,0.0,0.0,0.21,62.44580582840652,8.97,bo_suggested,0.6806106782615792,25.028710530823215,21.412683799966633,63.25541354056083,10.84860514897274,77.79124813365479,,0.8927388823076213,8.624689204070519,39.21269323123451,0.3793526727745037,0.201849506358561,0.0,0.0,0.0,0.0,45.0,0.1
