elastomer_wtpct,filler_wtpct,compat_wtpct,N_rps,Tm_C,Q_kgh,Torque_Nm,talc_wtpct,intune_wtpct,stabilizer_wtpct,baseA_wtpct,baseB_wtpct,mode,E_GPa,MFI_g10min,sigma_y_MPa,Izod_23_kJm2,Izod_m20_kJm2,HDT_C,Shrink_pct,rho_gcc,eps_y_pct,Gardner_J,Xc,phi_el,phi_f_talc,phi_f_caco3,phi_f_biofiber,phi_f_biochar,tau_s,pvac_bar_abs
17.473032300209333,0.9052670549834063,1.6458950629331928,4.6422946673060395,217.37012991515903,6.673300106639701,0.25,0.0,0.0,0.21,70.79580558187408,8.97,bo_suggested,0.7277766258004695,25.014014656456713,20.807771880563497,49.414067626624565,8.474748301853149,79.72659975780572,,0.8931865545978571,8.108079131388866,37.060043996332645,0.38590421392420504,0.1831308173594143,0.0,0.0,0.0,0.0,45.0,0.1
