{
  "N_rps": 4.761187692022112,
  "Tm_C": 206.90773510872543,
  "Q_kgh": 5.3481232211925835,
  "Torque_Nm": 0.25
}