{
  "N_rps": 5.00977258057711,
  "Tm_C": 228.56153458579513,
  "Q_kgh": 8.105857526997244,
  "Torque_Nm": 0.25
}