elastomer_wtpct,filler_wtpct,compat_wtpct,N_rps,Tm_C,Q_kgh,Torque_Nm,talc_wtpct,intune_wtpct,stabilizer_wtpct,baseA_wtpct,baseB_wtpct,mode,E_GPa,MFI_g10min,sigma_y_MPa,Izod_23_kJm2,Izod_m20_kJm2,HDT_C,Shrink_pct,rho_gcc,eps_y_pct,Gardner_J,Xc,phi_el,phi_f_talc,phi_f_caco3,phi_f_biofiber,phi_f_biochar,tau_s,pvac_bar_abs
9.798696116139736,13.110165333573011,1.025679371502313,8.139407883772915,223.05363232729354,3.786732789209112,0.25,0.0,0.0,0.21,66.88545917878494,8.97,bo_suggested,0.909250204115952,25.080481675707308,21.721185951754617,46.780664337674,8.023107076529218,86.29867924911882,,0.8957479885746287,6.21563564135109,29.50779774146985,0.4088893112216135,0.11745911079539002,0.0,0.0,0.0,0.0,45.0,0.1
