{
  "N_rps": 7.630813010605353,
  "Tm_C": 232.47438935115466,
  "Q_kgh": 7.400934945562921,
  "Torque_Nm": 0.25
}