{
  "N_rps": 4.199772300560701,
  "Tm_C": 232.91262823234874,
  "Q_kgh": 7.019629466311326,
  "Torque_Nm": 0.25
}