{
  "N_rps": 6.2547675093432,
  "Tm_C": 226.26046261657785,
  "Q_kgh": 5.326883594167631,
  "Torque_Nm": 0.25
}