elastomer_wtpct,filler_wtpct,compat_wtpct,N_rps,Tm_C,Q_kgh,Torque_Nm,talc_wtpct,intune_wtpct,stabilizer_wtpct,baseA_wtpct,baseB_wtpct,mode,E_GPa,MFI_g10min,sigma_y_MPa,Izod_23_kJm2,Izod_m20_kJm2,HDT_C,Shrink_pct,rho_gcc,eps_y_pct,Gardner_J,Xc,phi_el,phi_f_talc,phi_f_caco3,phi_f_biofiber,phi_f_biochar,tau_s,pvac_bar_abs
16.333146827590593,7.325485719327518,1.757446839954177,4.038834436786221,203.45790334218083,4.98346738348155,0.25,0.0,0.0,0.21,65.40392061312771,8.97,bo_suggested,0.7279697825213816,25.01142806520155,20.949488128995295,50.972568196441436,8.742038583586123,79.73430309239701,,0.8932484245252212,8.105987212086758,37.051410289318106,0.38593049042381444,0.1830557416462444,0.0,0.0,0.0,0.0,45.0,0.1
