{
  "N_rps": 6.433600793146136,
  "Tm_C": 206.26268653845622,
  "Q_kgh": 4.972358488083788,
  "Torque_Nm": 0.25
}