{
  "N_rps": 7.07614098741758,
  "Tm_C": 227.54872946795805,
  "Q_kgh": 6.852594947755093,
  "Torque_Nm": 0.25
}