{
  "N_rps": 7.039984903858657,
  "Tm_C": 222.6602484792158,
  "Q_kgh": 4.208893582126498,
  "Torque_Nm": 0.25
}