{
  "N_rps": 5.945605372000962,
  "Tm_C": 204.7182117821717,
  "Q_kgh": 5.320886591445576,
  "Torque_Nm": 0.25
}