elastomer_wtpct,filler_wtpct,compat_wtpct,N_rps,Tm_C,Q_kgh,Torque_Nm,talc_wtpct,intune_wtpct,stabilizer_wtpct,baseA_wtpct,baseB_wtpct,mode,E_GPa,MFI_g10min,sigma_y_MPa,Izod_23_kJm2,Izod_m20_kJm2,HDT_C,Shrink_pct,rho_gcc,eps_y_pct,Gardner_J,Xc,phi_el,phi_f_talc,phi_f_caco3,phi_f_biofiber,phi_f_biochar,tau_s,pvac_bar_abs
12.13610879302256,0.17839991811433742,0.9673188925829773,6.701767697329138,236.13400412876436,4.998008358751873,0.25,0.0,0.0,0.21,77.53817239628013,8.97,bo_suggested,0.8825487398944704,25.0521692310339,21.338295436601527,46.528331481873394,7.979830788137899,85.4057867532052,,0.895314147736902,6.4858113271056475,30.555588537098,0.40570038271318,0.1265703351052,0.0,0.0,0.0,0.0,45.0,0.1
