elastomer_wtpct,filler_wtpct,compat_wtpct,N_rps,Tm_C,Q_kgh,Torque_Nm,talc_wtpct,intune_wtpct,stabilizer_wtpct,baseA_wtpct,baseB_wtpct,mode,E_GPa,MFI_g10min,sigma_y_MPa,Izod_23_kJm2,Izod_m20_kJm2,HDT_C,Shrink_pct,rho_gcc,eps_y_pct,Gardner_J,Xc,phi_el,phi_f_talc,phi_f_caco3,phi_f_biofiber,phi_f_biochar,tau_s,pvac_bar_abs
10.966445067297743,13.656805161732098,1.9319781511754033,3.749564593303435,212.64500532912567,7.784727479168501,0.25,0.0,0.0,0.21,64.26477161979476,8.97,bo_suggested,0.8662058747613659,25.007529892155578,21.161081941050227,28.03747304395054,4.80856036509424,84.84794506554101,,0.8953639854638394,6.652461391012866,31.206762530284337,0.40371854882087377,0.13223271765464642,0.0,0.0,0.0,0.0,45.0,0.1
