elastomer_wtpct,filler_wtpct,compat_wtpct,N_rps,Tm_C,Q_kgh,Torque_Nm,talc_wtpct,intune_wtpct,stabilizer_wtpct,baseA_wtpct,baseB_wtpct,mode,E_GPa,MFI_g10min,sigma_y_MPa,Izod_23_kJm2,Izod_m20_kJm2,HDT_C,Shrink_pct,rho_gcc,eps_y_pct,Gardner_J,Xc,phi_el,phi_f_talc,phi_f_caco3,phi_f_biofiber,phi_f_biochar,tau_s,pvac_bar_abs
17.071335899264596,5.405669988956307,0.6096130185607619,4.199772300560701,232.91262823234874,7.019629466311326,0.25,0.0,0.0,0.21,67.73338109321834,8.97,bo_suggested,0.7169524707752907,25.01457230939707,18.705351772470312,24.818945191332165,4.256567486071504,79.29211151712884,,0.8928289722351508,8.225607541193515,37.54616919553642,0.38442470244836746,0.18735799300466452,0.0,0.0,0.0,0.0,45.0,0.1
