{
  "N_rps": 7.14929723956327,
  "Tm_C": 235.08052591678697,
  "Q_kgh": 2.1382625575818306,
  "Torque_Nm": 0.25
}