elastomer_wtpct,filler_wtpct,compat_wtpct,N_rps,Tm_C,Q_kgh,Torque_Nm,talc_wtpct,intune_wtpct,stabilizer_wtpct,baseA_wtpct,baseB_wtpct,mode,E_GPa,MFI_g10min,sigma_y_MPa,Izod_23_kJm2,Izod_m20_kJm2,HDT_C,Shrink_pct,rho_gcc,eps_y_pct,Gardner_J,Xc,phi_el,phi_f_talc,phi_f_caco3,phi_f_biofiber,phi_f_biochar,tau_s,pvac_bar_abs
13.932622405930239,10.798792642550893,1.8008240397561681,7.630813010605353,232.47438935115466,7.400934945562921,0.25,0.0,0.0,0.21,64.2877609117627,8.97,bo_suggested,0.7823719573369152,25.04268328575604,21.708096574051762,57.91839359579463,9.933280770991491,81.83776010214909,,0.8941073848458215,7.523957029143487,34.67459558801515,0.39316427429734524,0.16238778772187085,0.0,0.0,0.0,0.0,45.0,0.1
