{
  "N_rps": 4.5983962676376775,
  "Tm_C": 237.6395295418723,
  "Q_kgh": 1.5666335623480856,
  "Torque_Nm": 0.25
}