{
  "N_rps": 6.41135887174679,
  "Tm_C": 236.6421700579943,
  "Q_kgh": 6.054958017188238,
  "Torque_Nm": 0.25
}