elastomer_wtpct,filler_wtpct,compat_wtpct,N_rps,Tm_C,Q_kgh,Torque_Nm,talc_wtpct,intune_wtpct,stabilizer_wtpct,baseA_wtpct,baseB_wtpct,mode,E_GPa,MFI_g10min,sigma_y_MPa,Izod_23_kJm2,Izod_m20_kJm2,HDT_C,Shrink_pct,rho_gcc,eps_y_pct,Gardner_J,Xc,phi_el,phi_f_talc,phi_f_caco3,phi_f_biofiber,phi_f_biochar,tau_s,pvac_bar_abs
13.977851376328339,11.478454321283987,2.795929350265451,3.323856769035765,202.42891405737072,5.874172140592258,0.25,0.0,0.0,0.21,62.56776495212222,8.97,bo_suggested,0.7775208094512689,25.006767698587208,20.7426531695277,35.11305884097295,6.02205707965378,81.65532874182895,,0.8942584242399411,7.575298782405804,34.88225502740981,0.3925322673078832,0.16419352197747658,0.0,0.0,0.0,0.0,45.0,0.1
