{
  "N_rps": 6.326453435753622,
  "Tm_C": 219.30206734832336,
  "Q_kgh": 6.922507546564638,
  "Torque_Nm": 0.25
}