elastomer_wtpct,filler_wtpct,compat_wtpct,N_rps,Tm_C,Q_kgh,Torque_Nm,talc_wtpct,intune_wtpct,stabilizer_wtpct,baseA_wtpct,baseB_wtpct,mode,E_GPa,MFI_g10min,sigma_y_MPa,Izod_23_kJm2,Izod_m20_kJm2,HDT_C,Shrink_pct,rho_gcc,eps_y_pct,Gardner_J,Xc,phi_el,phi_f_talc,phi_f_caco3,phi_f_biofiber,phi_f_biochar,tau_s,pvac_bar_abs
15.163432205609187,5.998821894483568,1.2709112020989655,3.1558499279677203,220.75422955949662,4.708612175626822,0.25,0.0,0.0,0.21,68.38683469780828,8.97,bo_suggested,0.7683065612134756,25.010649989171583,20.22824297157103,32.793419280586804,5.624227830423917,81.30614065531054,,0.8937566422247722,7.673110019610265,35.278928330195264,0.39132500073418836,0.1676428550451762,0.0,0.0,0.0,0.0,45.0,0.1
