{
  "N_rps": 7.382091492025355,
  "Tm_C": 236.39901586764404,
  "Q_kgh": 4.997436234401234,
  "Torque_Nm": 0.25
}