{
  "N_rps": 3.685098471612834,
  "Tm_C": 213.2732346940854,
  "Q_kgh": 7.87978513876458,
  "Torque_Nm": 0.25
}