elastomer_wtpct,filler_wtpct,compat_wtpct,N_rps,Tm_C,Q_kgh,Torque_Nm,talc_wtpct,intune_wtpct,stabilizer_wtpct,baseA_wtpct,baseB_wtpct,mode,E_GPa,MFI_g10min,sigma_y_MPa,Izod_23_kJm2,Izod_m20_kJm2,HDT_C,Shrink_pct,rho_gcc,eps_y_pct,Gardner_J,Xc,phi_el,phi_f_talc,phi_f_caco3,phi_f_biofiber,phi_f_biochar,tau_s,pvac_bar_abs
17.823529546626965,4.188921011669534,2.5057928419229243,6.115043487504336,218.03494012904815,2.3553747750932272,0.25,0.0,0.0,0.21,66.30175659978057,8.97,bo_suggested,0.702257528475804,25.067515483169895,21.47752764760149,62.1886599876363,10.66565182625798,78.69321882389134,,0.8929769831930378,8.386129679035122,38.21353279750842,0.38239359583367005,0.19316115476094275,0.0,0.0,0.0,0.0,45.0,0.1
