{
  "N_rps": 4.817083656632658,
  "Tm_C": 217.79094262036094,
  "Q_kgh": 7.9263095571467534,
  "Torque_Nm": 0.25
}