{
  "N_rps": 5.4073187520438,
  "Tm_C": 201.66867280972147,
  "Q_kgh": 5.1440458675671135,
  "Torque_Nm": 0.25
}