elastomer_wtpct,filler_wtpct,compat_wtpct,N_rps,Tm_C,Q_kgh,Torque_Nm,talc_wtpct,intune_wtpct,stabilizer_wtpct,baseA_wtpct,baseB_wtpct,mode,E_GPa,MFI_g10min,sigma_y_MPa,Izod_23_kJm2,Izod_m20_kJm2,HDT_C,Shrink_pct,rho_gcc,eps_y_pct,Gardner_J,Xc,phi_el,phi_f_talc,phi_f_caco3,phi_f_biofiber,phi_f_biochar,tau_s,pvac_bar_abs
17.107653956848733,5.916370668055565,2.3753821045169894,6.326453435753622,219.30206734832336,6.922507546564638,0.25,0.0,0.0,0.21,65.4205932705787,8.97,bo_suggested,0.7131799288469782,25.025077777034962,21.461008594038862,60.95073819207732,10.4533423334631,79.13936629099057,,0.893135933264023,8.266710232892436,37.71667572464284,0.3839057695336957,0.1888406584751551,0.0,0.0,0.0,0.0,45.0,0.1
