{
  "N_rps": 6.180097073219217,
  "Tm_C": 219.54473862825944,
  "Q_kgh": 1.5836746891647728,
  "Torque_Nm": 0.25
}