elastomer_wtpct,filler_wtpct,compat_wtpct,N_rps,Tm_C,Q_kgh,Torque_Nm,talc_wtpct,intune_wtpct,stabilizer_wtpct,baseA_wtpct,baseB_wtpct,mode,E_GPa,MFI_g10min,sigma_y_MPa,Izod_23_kJm2,Izod_m20_kJm2,HDT_C,Shrink_pct,rho_gcc,eps_y_pct,Gardner_J,Xc,phi_el,phi_f_talc,phi_f_caco3,phi_f_biofiber,phi_f_biochar,tau_s,pvac_bar_abs
18.0,0.0,2.9255119118907267,6.2547675093432,226.26046261657785,5.326883594167631,0.25,0.0,0.0,0.21,69.89448808810927,8.97,bo_suggested,0.7179545681146399,25.03600815732534,21.56090338119812,61.58754977431039,10.562558557391656,79.33257004140212,,0.8932770963712766,8.214701764313368,37.50097197079701,0.3845622592193135,0.18696497365910444,0.0,0.0,0.0,0.0,45.0,0.1
