elastomer_wtpct,filler_wtpct,compat_wtpct,N_rps,Tm_C,Q_kgh,Torque_Nm,talc_wtpct,intune_wtpct,stabilizer_wtpct,baseA_wtpct,baseB_wtpct,mode,E_GPa,MFI_g10min,sigma_y_MPa,Izod_23_kJm2,Izod_m20_kJm2,HDT_C,Shrink_pct,rho_gcc,eps_y_pct,Gardner_J,Xc,phi_el,phi_f_talc,phi_f_caco3,phi_f_biofiber,phi_f_biochar,tau_s,pvac_bar_abs
8.664913308274498,0.8893334381535993,1.4070457499601312,6.6304613288153424,218.0802968426641,1.8822157081288169,0.25,0.0,0.0,0.21,79.85870750361177,8.97,bo_suggested,0.9891267067951921,25.098930276471865,22.232081738751422,41.53354731827821,7.123201479083733,88.84350884122145,,0.8968200133298441,5.4219124050328045,26.484518865733868,0.41809059475646215,0.09116972926725102,0.0,0.0,0.0,0.0,45.0,0.1
