elastomer_wtpct,filler_wtpct,compat_wtpct,N_rps,Tm_C,Q_kgh,Torque_Nm,talc_wtpct,intune_wtpct,stabilizer_wtpct,baseA_wtpct,baseB_wtpct,mode,E_GPa,MFI_g10min,sigma_y_MPa,Izod_23_kJm2,Izod_m20_kJm2,HDT_C,Shrink_pct,rho_gcc,eps_y_pct,Gardner_J,Xc,phi_el,phi_f_talc,phi_f_caco3,phi_f_biofiber,phi_f_biochar,tau_s,pvac_bar_abs
15.77330017084531,1.4456227195013076,1.4626280075965266,4.5983962676376775,237.6395295418723,1.5666335623480856,0.25,0.0,0.0,0.21,72.13844910205685,8.97,bo_suggested,0.77177464024769,25.083662184049288,21.4363184052286,57.17866473257935,9.806413742461586,81.43798427826617,,0.8938251658150514,7.636250237629778,35.12927969798975,0.3917804530930747,0.16634156259121524,0.0,0.0,0.0,0.0,45.0,0.1
