elastomer_wtpct,filler_wtpct,compat_wtpct,N_rps,Tm_C,Q_kgh,Torque_Nm,talc_wtpct,intune_wtpct,stabilizer_wtpct,baseA_wtpct,baseB_wtpct,mode,E_GPa,MFI_g10min,sigma_y_MPa,Izod_23_kJm2,Izod_m20_kJm2,HDT_C,Shrink_pct,rho_gcc,eps_y_pct,Gardner_J,Xc,phi_el,phi_f_talc,phi_f_caco3,phi_f_biofiber,phi_f_biochar,tau_s,pvac_bar_abs
16.09192997491031,0.23720161606759943,2.047024498373688,3.9262307176134303,211.04392621860973,9.615089519058609,0.25,0.0,0.0,0.21,72.4438439106484,8.97,bo_suggested,0.7682700538319767,25.006431270773714,20.316550280761906,30.183650612094496,5.176640055245135,81.30475009146137,,0.8938806257643634,7.673498324158345,35.28050588210641,0.39132019948924135,0.16765657288788186,0.0,0.0,0.0,0.0,45.0,0.1
