elastomer_wtpct,filler_wtpct,compat_wtpct,N_rps,Tm_C,Q_kgh,Torque_Nm,talc_wtpct,intune_wtpct,stabilizer_wtpct,baseA_wtpct,baseB_wtpct,mode,E_GPa,MFI_g10min,sigma_y_MPa,Izod_23_kJm2,Izod_m20_kJm2,HDT_C,Shrink_pct,rho_gcc,eps_y_pct,Gardner_J,Xc,phi_el,phi_f_talc,phi_f_caco3,phi_f_biofiber,phi_f_biochar,tau_s,pvac_bar_abs
14.036955466696785,10.716137143533436,1.942633130320765,4.197427396435026,231.68540477451677,5.587107091961329,0.25,0.0,0.0,0.21,64.12427425944901,8.97,bo_suggested,0.7795156703375257,25.017901773606614,21.275507952258135,47.99194625113912,8.230847702473415,81.73046381621288,,0.8940951964003775,7.554173544156411,34.79676453480431,0.3927924557636391,0.16345012638960268,0.0,0.0,0.0,0.0,45.0,0.1
