elastomer_wtpct,filler_wtpct,compat_wtpct,N_rps,Tm_C,Q_kgh,Torque_Nm,talc_wtpct,intune_wtpct,stabilizer_wtpct,baseA_wtpct,baseB_wtpct,mode,E_GPa,MFI_g10min,sigma_y_MPa,Izod_23_kJm2,Izod_m20_kJm2,HDT_C,Shrink_pct,rho_gcc,eps_y_pct,Gardner_J,Xc,phi_el,phi_f_talc,phi_f_caco3,phi_f_biofiber,phi_f_biochar,tau_s,pvac_bar_abs
9.947315440818343,9.296984861152723,0.8170754023680167,3.8252773382809595,234.72792120734658,3.395037409180821,0.25,0.0,0.0,0.21,70.75862429566092,8.97,bo_suggested,0.9188158111617217,25.02632524880172,21.112324782089345,34.32078278181525,5.886177956370923,86.61316204384941,,0.8958133886280049,6.119462033478401,29.137148351200405,0.4100173745833031,0.11423607261913396,0.0,0.0,0.0,0.0,45.0,0.1
