elastomer_wtpct,filler_wtpct,compat_wtpct,N_rps,Tm_C,Q_kgh,Torque_Nm,talc_wtpct,intune_wtpct,stabilizer_wtpct,baseA_wtpct,baseB_wtpct,mode,E_GPa,MFI_g10min,sigma_y_MPa,Izod_23_kJm2,Izod_m20_kJm2,HDT_C,Shrink_pct,rho_gcc,eps_y_pct,Gardner_J,Xc,phi_el,phi_f_talc,phi_f_caco3,phi_f_biofiber,phi_f_biochar,tau_s,pvac_bar_abs
13.465506010828696,19.040556688567825,1.313339936923703,7.396371594454769,217.00228496388343,2.0246170274455255,0.25,0.0,0.0,0.21,57.00059736367977,8.97,bo_suggested,0.7545822731034676,25.111895565567803,21.445198751258314,58.40574111358536,10.016863194928272,80.7793816053284,,0.8936337897180919,7.819521714224698,35.87532027802227,0.38950989480601916,0.1728288719828024,0.0,0.0,0.0,0.0,45.0,0.1
