{
  "N_rps": 6.494045105904238,
  "Tm_C": 220.61888654680394,
  "Q_kgh": 4.675501795976076,
  "Torque_Nm": 0.25
}