{
  "N_rps": 3.323856769035765,
  "Tm_C": 202.42891405737072,
  "Q_kgh": 5.874172140592258,
  "Torque_Nm": 0.25
}