{
  "N_rps": 3.8252773382809595,
  "Tm_C": 234.72792120734658,
  "Q_kgh": 3.395037409180821,
  "Torque_Nm": 0.25
}