{
  "N_rps": 4.6422946673060395,
  "Tm_C": 217.37012991515903,
  "Q_kgh": 6.673300106639701,
  "Torque_Nm": 0.25
}