elastomer_wtpct,filler_wtpct,compat_wtpct,N_rps,Tm_C,Q_kgh,Torque_Nm,talc_wtpct,intune_wtpct,stabilizer_wtpct,baseA_wtpct,baseB_wtpct,mode,E_GPa,MFI_g10min,sigma_y_MPa,Izod_23_kJm2,Izod_m20_kJm2,HDT_C,Shrink_pct,rho_gcc,eps_y_pct,Gardner_J,Xc,phi_el,phi_f_talc,phi_f_caco3,phi_f_biofiber,phi_f_biochar,tau_s,pvac_bar_abs
16.620383834775417,6.8372366708769245,1.1180129092205409,6.180097073219217,219.54473862825944,1.5836746891647728,0.25,0.0,0.0,0.21,66.24436658512712,8.97,bo_suggested,0.7223318257968459,25.10524230290135,20.993204121136923,58.154970259963704,9.973854797361353,79.50873498990688,,0.8930241841991449,8.16712439736381,37.304007035334976,0.38516171771854574,0.18525223508986938,0.0,0.0,0.0,0.0,45.0,0.1
