{
  "N_rps": 6.6304613288153424,
  "Tm_C": 218.0802968426641,
  "Q_kgh": 1.8822157081288169,
  "Torque_Nm": 0.25
}