{
  "N_rps": 7.262878322106881,
  "Tm_C": 217.43798868448357,
  "Q_kgh": 4.462176465628838,
  "Torque_Nm": 0.25
}