{
  "N_rps": 3.1558499279677203,
  "Tm_C": 220.75422955949662,
  "Q_kgh": 4.708612175626822,
  "Torque_Nm": 0.25
}