{
  "N_rps": 4.197427396435026,
  "Tm_C": 231.68540477451677,
  "Q_kgh": 5.587107091961329,
  "Torque_Nm": 0.25
}