elastomer_wtpct,filler_wtpct,compat_wtpct,N_rps,Tm_C,Q_kgh,Torque_Nm,talc_wtpct,intune_wtpct,stabilizer_wtpct,baseA_wtpct,baseB_wtpct,mode,E_GPa,MFI_g10min,sigma_y_MPa,Izod_23_kJm2,Izod_m20_kJm2,HDT_C,Shrink_pct,rho_gcc,eps_y_pct,Gardner_J,Xc,phi_el,phi_f_talc,phi_f_caco3,phi_f_biofiber,phi_f_biochar,tau_s,pvac_bar_abs
15.634255422940663,3.959709146464446,2.1083196668510724,7.039984903858657,222.6602484792158,4.208893582126498,0.25,0.0,0.0,0.21,69.11771576374382,8.97,bo_suggested,0.7641781476148957,25.053897236620333,21.682545544321393,59.198888417414736,10.152891740828137,81.14853261151215,,0.8938541511482706,7.7170601014584665,35.45762310308591,0.3907811470775646,0.16919672263552965,0.0,0.0,0.0,0.0,45.0,0.1
