elastomer_wtpct,filler_wtpct,compat_wtpct,N_rps,Tm_C,Q_kgh,Torque_Nm,talc_wtpct,intune_wtpct,stabilizer_wtpct,baseA_wtpct,baseB_wtpct,mode,E_GPa,MFI_g10min,sigma_y_MPa,Izod_23_kJm2,Izod_m20_kJm2,HDT_C,Shrink_pct,rho_gcc,eps_y_pct,Gardner_J,Xc,phi_el,phi_f_talc,phi_f_caco3,phi_f_biofiber,phi_f_biochar,tau_s,pvac_bar_abs
14.174789745813442,3.5110681879422234,1.4062966034414264,3.685098471612834,213.2732346940854,7.87978513876458,0.25,0.0,0.0,0.21,71.72784546280292,8.97,bo_suggested,0.8085121817878442,25.007295425856732,20.361339240929887,26.9073121648379,4.614732383486829,82.8045676738547,,0.8943669655157824,7.249085900815404,33.56929220811878,0.39652824110572543,0.15277645398364162,0.0,0.0,0.0,0.0,45.0,0.1
