elastomer_wtpct,filler_wtpct,compat_wtpct,N_rps,Tm_C,Q_kgh,Torque_Nm,talc_wtpct,intune_wtpct,stabilizer_wtpct,baseA_wtpct,baseB_wtpct,mode,E_GPa,MFI_g10min,sigma_y_MPa,Izod_23_kJm2,Izod_m20_kJm2,HDT_C,Shrink_pct,rho_gcc,eps_y_pct,Gardner_J,Xc,phi_el,phi_f_talc,phi_f_caco3,phi_f_biofiber,phi_f_biochar,tau_s,pvac_bar_abs
11.45256880546781,0.0,0.6420146060793274,3.0776167673690003,200.53947444154738,1.8886899776757125,0.25,0.0,0.0,0.21,78.72541658845286,8.97,bo_suggested,0.9039360521275585,25.01786574287521,20.493403331288512,30.76082785173063,5.2756287049639665,86.12275876690823,,0.895542697902382,6.269203059006621,29.71477211727384,0.408259389208297,0.11925888797629423,0.0,0.0,0.0,0.0,45.0,0.1
