{
  "N_rps": 6.115043487504336,
  "Tm_C": 218.03494012904815,
  "Q_kgh": 2.3553747750932272,
  "Torque_Nm": 0.25
}