{
  "N_rps": 3.2475374615943107,
  "Tm_C": 225.62703651462186,
  "Q_kgh": 5.510203066495053,
  "Torque_Nm": 0.25
}