elastomer_wtpct,filler_wtpct,compat_wtpct,N_rps,Tm_C,Q_kgh,Torque_Nm,talc_wtpct,intune_wtpct,stabilizer_wtpct,baseA_wtpct,baseB_wtpct,mode,E_GPa,MFI_g10min,sigma_y_MPa,Izod_23_kJm2,Izod_m20_kJm2,HDT_C,Shrink_pct,rho_gcc,eps_y_pct,Gardner_J,Xc,phi_el,phi_f_talc,phi_f_caco3,phi_f_biofiber,phi_f_biochar,tau_s,pvac_bar_abs
14.138608771570876,10.79217445453419,1.6912717992736672,5.4073187520438,201.66867280972147,5.1440458675671135,0.25,0.0,0.0,0.21,64.19794497462127,8.97,bo_suggested,0.7760175464190163,25.01835556367972,21.591085418500633,56.97690343769733,9.771810717992906,81.59860110224577,,0.8939887244819235,7.591229929198921,34.946768736587345,0.3923359212364733,0.16475451075293346,0.0,0.0,0.0,0.0,45.0,0.1
