elastomer_wtpct,filler_wtpct,compat_wtpct,N_rps,Tm_C,Q_kgh,Torque_Nm,talc_wtpct,intune_wtpct,stabilizer_wtpct,baseA_wtpct,baseB_wtpct,mode,E_GPa,MFI_g10min,sigma_y_MPa,Izod_23_kJm2,Izod_m20_kJm2,HDT_C,Shrink_pct,rho_gcc,eps_y_pct,Gardner_J,Xc,phi_el,phi_f_talc,phi_f_caco3,phi_f_biofiber,phi_f_biochar,tau_s,pvac_bar_abs
14.842800497300257,6.9135234184992775,2.452102272149986,5.00977258057711,228.56153458579513,8.105857526997244,0.25,0.0,0.0,0.21,66.61157381205048,8.97,bo_suggested,0.7732983132310269,25.01615948219721,21.309992738342135,48.758126599227765,8.362251286832032,81.49574962614044,,0.8940828641263617,7.620073552677601,35.063665911050975,0.3919801472272362,0.16577100792218238,0.0,0.0,0.0,0.0,45.0,0.1
