elastomer_wtpct,filler_wtpct,compat_wtpct,N_rps,Tm_C,Q_kgh,Torque_Nm,talc_wtpct,intune_wtpct,stabilizer_wtpct,baseA_wtpct,baseB_wtpct,mode,E_GPa,MFI_g10min,sigma_y_MPa,Izod_23_kJm2,Izod_m20_kJm2,HDT_C,Shrink_pct,rho_gcc,eps_y_pct,Gardner_J,Xc,phi_el,phi_f_talc,phi_f_caco3,phi_f_biofiber,phi_f_biochar,tau_s,pvac_bar_abs
17.132526339782135,0.6042630686619367,2.132557127685325,7.262878322106881,217.43798868448357,4.462176465628838,0.25,0.0,0.0,0.21,70.95065346387061,8.97,bo_suggested,0.7382714735200789,25.049338029480296,21.56070401422988,60.375514015622855,10.35468864339599,80.14264889814412,,0.8934426965066248,7.994686870444847,36.59300582501352,0.387325634445611,0.17906961586968279,0.0,0.0,0.0,0.0,45.0,0.1
