elastomer_wtpct,filler_wtpct,compat_wtpct,N_rps,Tm_C,Q_kgh,Torque_Nm,talc_wtpct,intune_wtpct,stabilizer_wtpct,baseA_wtpct,baseB_wtpct,mode,E_GPa,MFI_g10min,sigma_y_MPa,Izod_23_kJm2,Izod_m20_kJm2,HDT_C,Shrink_pct,rho_gcc,eps_y_pct,Gardner_J,Xc,phi_el,phi_f_talc,phi_f_caco3,phi_f_biofiber,phi_f_biochar,tau_s,pvac_bar_abs
9.008765232722695,5.846947339798162,2.5027884946393746,3.2475374615943107,225.62703651462186,5.510203066495053,0.25,0.0,0.0,0.21,73.46149893283976,8.97,bo_suggested,0.9625341646310889,25.010405670907904,21.874756092275128,24.087837682609354,4.131179060960711,88.01618878694926,,0.89672746620812,5.683854754556352,27.4733627624571,0.41508106985339144,0.09976837184745306,0.0,0.0,0.0,0.0,45.0,0.1
