{
  "N_rps": 3.749564593303435,
  "Tm_C": 212.64500532912567,
  "Q_kgh": 7.784727479168501,
  "Torque_Nm": 0.25
}