{
  "N_rps": 7.396371594454769,
  "Tm_C": 217.00228496388343,
  "Q_kgh": 2.0246170274455255,
  "Torque_Nm": 0.25
}