elastomer_wtpct,filler_wtpct,compat_wtpct,N_rps,Tm_C,Q_kgh,Torque_Nm,talc_wtpct,intune_wtpct,stabilizer_wtpct,baseA_wtpct,baseB_wtpct,mode,E_GPa,MFI_g10min,sigma_y_MPa,Izod_23_kJm2,Izod_m20_kJm2,HDT_C,Shrink_pct,rho_gcc,eps_y_pct,Gardner_J,Xc,phi_el,phi_f_talc,phi_f_caco3,phi_f_biofiber,phi_f_biochar,tau_s,pvac_bar_abs
14.111271850253054,2.4300779107191657,0.5,4.631033517358421,221.29758599405147,2.2195263807589587,0.25,0.0,0.0,0.21,73.77865023902778,8.97,bo_suggested,0.8150819564351298,25.044938489464972,20.029460607083433,40.83793163616134,7.003900071530998,83.04337721770337,,0.8942764368713174,7.180463994794325,33.29503229010314,0.3973629452040339,0.1503915851313316,0.0,0.0,0.0,0.0,45.0,0.1
