{
  "N_rps": 5.726395675003456,
  "Tm_C": 201.61482288958825,
  "Q_kgh": 9.247593830113143,
  "Torque_Nm": 0.25
}