{
  "N_rps": 3.9262307176134303,
  "Tm_C": 211.04392621860973,
  "Q_kgh": 9.615089519058609,
  "Torque_Nm": 0.25
}