elastomer_wtpct,filler_wtpct,compat_wtpct,N_rps,Tm_C,Q_kgh,Torque_Nm,talc_wtpct,intune_wtpct,stabilizer_wtpct,baseA_wtpct,baseB_wtpct,mode,E_GPa,MFI_g10min,sigma_y_MPa,Izod_23_kJm2,Izod_m20_kJm2,HDT_C,Shrink_pct,rho_gcc,eps_y_pct,Gardner_J,Xc,phi_el,phi_f_talc,phi_f_caco3,phi_f_biofiber,phi_f_biochar,tau_s,pvac_bar_abs
9.757491998776404,0.022506263486259396,0.5446896656172613,5.726395675003456,201.61482288958825,9.247593830113143,0.25,0.0,0.0,0.21,80.49531207212007,8.97,bo_suggested,0.9565986354505402,25.01137324991102,20.13307958738235,17.00095668412297,2.915745165472264,87.828900249318,,0.8962260768699982,5.742626713155292,27.69641915979461,0.4144022025571469,0.10170799269386616,0.0,0.0,0.0,0.0,45.0,0.1
