{
  "N_rps": 4.631033517358421,
  "Tm_C": 221.29758599405147,
  "Q_kgh": 2.2195263807589587,
  "Torque_Nm": 0.25
}