elastomer_wtpct,filler_wtpct,compat_wtpct,N_rps,Tm_C,Q_kgh,Torque_Nm,talc_wtpct,intune_wtpct,stabilizer_wtpct,baseA_wtpct,baseB_wtpct,mode,E_GPa,MFI_g10min,sigma_y_MPa,Izod_23_kJm2,Izod_m20_kJm2,HDT_C,Shrink_pct,rho_gcc,eps_y_pct,Gardner_J,Xc,phi_el,phi_f_talc,phi_f_caco3,phi_f_biofiber,phi_f_biochar,tau_s,pvac_bar_abs
16.3565211156917,7.223303744871514,2.757486432138503,7.382091492025355,236.39901586764404,4.997436234401234,0.25,0.0,0.0,0.21,64.48268870729828,8.97,bo_suggested,0.7277072377353226,25.063400750460065,21.61871060885384,61.28597636728079,10.510837279588348,79.72383204905375,,0.8934532040725661,8.1088306612571,37.063145849491804,0.38589477350154666,0.1831577899955809,0.0,0.0,0.0,0.0,45.0,0.1
