{
  "N_rps": 2.778721599046236,
  "Tm_C": 228.1752567015208,
  "Q_kgh": 2.863575688205783,
  "Torque_Nm": 0.25
}