{
  "N_rps": 8.139407883772915,
  "Tm_C": 223.05363232729354,
  "Q_kgh": 3.786732789209112,
  "Torque_Nm": 0.25
}