{
  "N_rps": 6.701767697329138,
  "Tm_C": 236.13400412876436,
  "Q_kgh": 4.998008358751873,
  "Torque_Nm": 0.25
}