elastomer_wtpct,filler_wtpct,compat_wtpct,N_rps,Tm_C,Q_kgh,Torque_Nm,talc_wtpct,intune_wtpct,stabilizer_wtpct,baseA_wtpct,baseB_wtpct,mode
15.220176887343937,5.797687523446355,2.034781431307584,6.494045105904238,220.61888654680394,4.675501795976076,50.0,0.0,0.0,0.21,67.76735415790213,8.97,bo_suggested
