elastomer_wtpct,filler_wtpct,compat_wtpct,N_rps,Tm_C,Q_kgh,Torque_Nm,talc_wtpct,intune_wtpct,stabilizer_wtpct,baseA_wtpct,baseB_wtpct,mode
14.080441980222027,11.50458142777428,1.469346556306205,4.817083656632658,217.79094262036094,7.9263095571467534,183.2901181403312,0.0,0.0,0.21,63.765630035697484,8.97,bo_suggested
