elastomer_wtpct,filler_wtpct,compat_wtpct,N_rps,Tm_C,Q_kgh,Torque_Nm,talc_wtpct,intune_wtpct,stabilizer_wtpct,baseA_wtpct,baseB_wtpct,mode
17.132526339782135,0.6042630686619367,2.132557127685325,7.262878322106881,217.43798868448357,4.462176465628838,86.3517101272212,0.0,0.0,0.21,70.95065346387061,8.97,bo_suggested
