elastomer_wtpct,filler_wtpct,compat_wtpct,N_rps,Tm_C,Q_kgh,Torque_Nm,talc_wtpct,intune_wtpct,stabilizer_wtpct,baseA_wtpct,baseB_wtpct,mode
14.200720357013815,8.006751817727686,2.175883096020695,5.945605372000962,204.7182117821717,5.320886591445576,58.46885650632685,0.0,0.0,0.21,66.4366447292378,8.97,bo_suggested
