elastomer_wtpct,filler_wtpct,compat_wtpct,N_rps,Tm_C,Q_kgh,Torque_Nm,talc_wtpct,intune_wtpct,stabilizer_wtpct,baseA_wtpct,baseB_wtpct,mode
9.757491998776404,0.022506263486259396,0.5446896656172613,5.726395675003456,201.61482288958825,9.247593830113143,116.41157311677871,0.0,0.0,0.21,80.49531207212007,8.97,bo_suggested
