elastomer_wtpct,filler_wtpct,compat_wtpct,N_rps,Tm_C,Q_kgh,Torque_Nm,talc_wtpct,intune_wtpct,stabilizer_wtpct,baseA_wtpct,baseB_wtpct,mode
15.4652886878063,15.532017828674508,1.883975040273537,3.0000277446117645,223.11991881255878,9.086807083218773,171.41637422397298,0.0,0.0,0.21,57.93871844324565,8.97,bo_suggested
