elastomer_wtpct,filler_wtpct,compat_wtpct,N_rps,Tm_C,Q_kgh,Torque_Nm,talc_wtpct,intune_wtpct,stabilizer_wtpct,baseA_wtpct,baseB_wtpct,mode
13.932622405930239,10.798792642550893,1.8008240397561681,7.630813010605353,232.47438935115466,7.400934945562921,50.0,0.0,0.0,0.21,64.2877609117627,8.97,bo_suggested
