elastomer_wtpct,filler_wtpct,compat_wtpct,N_rps,Tm_C,Q_kgh,Torque_Nm,talc_wtpct,intune_wtpct,stabilizer_wtpct,baseA_wtpct,baseB_wtpct,mode
16.620383834775417,6.8372366708769245,1.1180129092205409,6.180097073219217,219.54473862825944,1.5836746891647728,50.0,0.0,0.0,0.21,66.24436658512712,8.97,bo_suggested
