elastomer_wtpct,filler_wtpct,compat_wtpct,N_rps,Tm_C,Q_kgh,Torque_Nm,talc_wtpct,intune_wtpct,stabilizer_wtpct,baseA_wtpct,baseB_wtpct,mode
14.842800497300257,6.9135234184992775,2.452102272149986,5.00977258057711,228.56153458579513,8.105857526997244,82.55206347594557,0.0,0.0,0.21,66.61157381205048,8.97,bo_suggested
