elastomer_wtpct,filler_wtpct,compat_wtpct,N_rps,Tm_C,Q_kgh,Torque_Nm,talc_wtpct,intune_wtpct,stabilizer_wtpct,baseA_wtpct,baseB_wtpct,mode
12.335332188202944,5.746027225572345,1.6242043514889308,2.778721599046236,228.1752567015208,2.863575688205783,218.4550662810633,0.0,0.0,0.21,71.11443623473578,8.97,bo_suggested
