elastomer_wtpct,filler_wtpct,compat_wtpct,N_rps,Tm_C,Q_kgh,Torque_Nm,talc_wtpct,intune_wtpct,stabilizer_wtpct,baseA_wtpct,baseB_wtpct,mode
14.11334362259053,17.309568344038556,1.5282603761074116,6.41135887174679,236.6421700579943,6.054958017188238,250.0,0.0,0.0,0.21,57.868827657263495,8.97,bo_suggested
