elastomer_wtpct,filler_wtpct,compat_wtpct,N_rps,Tm_C,Q_kgh,Torque_Nm,talc_wtpct,intune_wtpct,stabilizer_wtpct,baseA_wtpct,baseB_wtpct,mode
17.071335899264596,5.405669988956307,0.6096130185607619,4.199772300560701,232.91262823234874,7.019629466311326,188.2406921397295,0.0,0.0,0.21,67.73338109321834,8.97,bo_suggested
