elastomer_wtpct,filler_wtpct,compat_wtpct,N_rps,Tm_C,Q_kgh,Torque_Nm,talc_wtpct,intune_wtpct,stabilizer_wtpct,baseA_wtpct,baseB_wtpct,mode
12.13610879302256,0.17839991811433742,0.9673188925829773,6.701767697329138,236.13400412876436,4.998008358751873,196.41179351973355,0.0,0.0,0.21,77.53817239628013,8.97,bo_suggested
