elastomer_wtpct,filler_wtpct,compat_wtpct,N_rps,Tm_C,Q_kgh,Torque_Nm,talc_wtpct,intune_wtpct,stabilizer_wtpct,baseA_wtpct,baseB_wtpct,mode
17.823529546626965,4.188921011669534,2.5057928419229243,6.115043487504336,218.03494012904815,2.3553747750932272,60.25588954909664,0.0,0.0,0.21,66.30175659978057,8.97,bo_suggested
