elastomer_wtpct,filler_wtpct,compat_wtpct,N_rps,Tm_C,Q_kgh,Torque_Nm,talc_wtpct,intune_wtpct,stabilizer_wtpct,baseA_wtpct,baseB_wtpct,mode
13.465506010828696,19.040556688567825,1.313339936923703,7.396371594454769,217.00228496388343,2.0246170274455255,127.38596382690488,0.0,0.0,0.21,57.00059736367977,8.97,bo_suggested
