elastomer_wtpct,filler_wtpct,compat_wtpct,N_rps,Tm_C,Q_kgh,Torque_Nm,talc_wtpct,intune_wtpct,stabilizer_wtpct,baseA_wtpct,baseB_wtpct,mode
17.473032300209333,0.9052670549834063,1.6458950629331928,4.6422946673060395,217.37012991515903,6.673300106639701,71.90461707969246,0.0,0.0,0.21,70.79580558187408,8.97,bo_suggested
