elastomer_wtpct,filler_wtpct,compat_wtpct,N_rps,Tm_C,Q_kgh,Torque_Nm,talc_wtpct,intune_wtpct,stabilizer_wtpct,baseA_wtpct,baseB_wtpct,mode
8.664913308274498,0.8893334381535993,1.4070457499601312,6.6304613288153424,218.0802968426641,1.8822157081288169,173.43459827088293,0.0,0.0,0.21,79.85870750361177,8.97,bo_suggested
