elastomer_wtpct,filler_wtpct,compat_wtpct,N_rps,Tm_C,Q_kgh,Torque_Nm,talc_wtpct,intune_wtpct,stabilizer_wtpct,baseA_wtpct,baseB_wtpct,mode
14.138608771570876,10.79217445453419,1.6912717992736672,5.4073187520438,201.66867280972147,5.1440458675671135,50.0,0.0,0.0,0.21,64.19794497462127,8.97,bo_suggested
