elastomer_wtpct,filler_wtpct,compat_wtpct,N_rps,Tm_C,Q_kgh,Torque_Nm,talc_wtpct,intune_wtpct,stabilizer_wtpct,baseA_wtpct,baseB_wtpct,mode
13.977851376328339,11.478454321283987,2.795929350265451,3.323856769035765,202.42891405737072,5.874172140592258,224.33964510009395,0.0,0.0,0.21,62.56776495212222,8.97,bo_suggested
