elastomer_wtpct,filler_wtpct,compat_wtpct,N_rps,Tm_C,Q_kgh,Torque_Nm,talc_wtpct,intune_wtpct,stabilizer_wtpct,baseA_wtpct,baseB_wtpct,mode
15.77330017084531,1.4456227195013076,1.4626280075965266,4.5983962676376775,237.6395295418723,1.5666335623480856,234.42309443375655,0.0,0.0,0.21,72.13844910205685,8.97,bo_suggested
