elastomer_wtpct,filler_wtpct,compat_wtpct,N_rps,Tm_C,Q_kgh,Torque_Nm,talc_wtpct,intune_wtpct,stabilizer_wtpct,baseA_wtpct,baseB_wtpct,mode
11.45256880546781,0.0,0.6420146060793274,3.0776167673690003,200.53947444154738,1.8886899776757125,235.86870285552422,0.0,0.0,0.21,78.72541658845286,8.97,bo_suggested
