elastomer_wtpct,filler_wtpct,compat_wtpct,N_rps,Tm_C,Q_kgh,Torque_Nm,talc_wtpct,intune_wtpct,stabilizer_wtpct,baseA_wtpct,baseB_wtpct,mode
14.036955466696785,10.716137143533436,1.942633130320765,4.197427396435026,231.68540477451677,5.587107091961329,50.66034611485774,0.0,0.0,0.21,64.12427425944901,8.97,bo_suggested
