elastomer_wtpct,filler_wtpct,compat_wtpct,N_rps,Tm_C,Q_kgh,Torque_Nm,talc_wtpct,intune_wtpct,stabilizer_wtpct,baseA_wtpct,baseB_wtpct,mode
9.798696116139736,13.110165333573011,1.025679371502313,8.139407883772915,223.05363232729354,3.786732789209112,227.49610314725274,0.0,0.0,0.21,66.88545917878494,8.97,bo_suggested
