elastomer_wtpct,filler_wtpct,compat_wtpct,N_rps,Tm_C,Q_kgh,Torque_Nm,talc_wtpct,intune_wtpct,stabilizer_wtpct,baseA_wtpct,baseB_wtpct,mode
9.131760700768936,4.6752432697485355,0.9317168843672273,7.14929723956327,235.08052591678697,2.1382625575818306,86.82355884930291,0.0,0.0,0.21,76.0812791451153,8.97,bo_suggested
