elastomer_wtpct,filler_wtpct,compat_wtpct,N_rps,Tm_C,Q_kgh,Torque_Nm,talc_wtpct,intune_wtpct,stabilizer_wtpct,baseA_wtpct,baseB_wtpct,mode
16.333146827590593,7.325485719327518,1.757446839954177,4.038834436786221,203.45790334218083,4.98346738348155,57.63584904418645,0.0,0.0,0.21,65.40392061312771,8.97,bo_suggested
