elastomer_wtpct,filler_wtpct,compat_wtpct,N_rps,Tm_C,Q_kgh,Torque_Nm,talc_wtpct,intune_wtpct,stabilizer_wtpct,baseA_wtpct,baseB_wtpct,mode
14.174789745813442,3.5110681879422234,1.4062966034414264,3.685098471612834,213.2732346940854,7.87978513876458,74.27747042882636,0.0,0.0,0.21,71.72784546280292,8.97,bo_suggested
