elastomer_wtpct,filler_wtpct,compat_wtpct,N_rps,Tm_C,Q_kgh,Torque_Nm,talc_wtpct,intune_wtpct,stabilizer_wtpct,baseA_wtpct,baseB_wtpct,mode
16.09192997491031,0.23720161606759943,2.047024498373688,3.9262307176134303,211.04392621860973,9.615089519058609,247.72342949164084,0.0,0.0,0.21,72.4438439106484,8.97,bo_suggested
