elastomer_wtpct,filler_wtpct,compat_wtpct,N_rps,Tm_C,Q_kgh,Torque_Nm,talc_wtpct,intune_wtpct,stabilizer_wtpct,baseA_wtpct,baseB_wtpct,mode
9.947315440818343,9.296984861152723,0.8170754023680167,3.8252773382809595,234.72792120734658,3.395037409180821,212.5688476675737,0.0,0.0,0.21,70.75862429566092,8.97,bo_suggested
