elastomer_wtpct,filler_wtpct,compat_wtpct,N_rps,Tm_C,Q_kgh,Torque_Nm,talc_wtpct,intune_wtpct,stabilizer_wtpct,baseA_wtpct,baseB_wtpct,mode
8.77827667728607,11.55194695736909,0.9630106583716782,4.333865336159841,206.42909218843812,1.651757978993471,72.26746834265184,0.0,0.0,0.21,69.52676570697315,8.97,bo_suggested
