elastomer_wtpct,filler_wtpct,compat_wtpct,N_rps,Tm_C,Q_kgh,Torque_Nm,talc_wtpct,intune_wtpct,stabilizer_wtpct,baseA_wtpct,baseB_wtpct,mode
10.966445067297743,13.656805161732098,1.9319781511754033,3.749564593303435,212.64500532912567,7.784727479168501,56.58720309902292,0.0,0.0,0.21,64.26477161979476,8.97,bo_suggested
