elastomer_wtpct,filler_wtpct,compat_wtpct,N_rps,Tm_C,Q_kgh,Torque_Nm,talc_wtpct,intune_wtpct,stabilizer_wtpct,baseA_wtpct,baseB_wtpct,mode
16.3565211156917,7.223303744871514,2.757486432138503,7.382091492025355,236.39901586764404,4.997436234401234,214.04806055957948,0.0,0.0,0.21,64.48268870729828,8.97,bo_suggested
