elastomer_wtpct,filler_wtpct,compat_wtpct,N_rps,Tm_C,Q_kgh,Torque_Nm,talc_wtpct,intune_wtpct,stabilizer_wtpct,baseA_wtpct,baseB_wtpct,mode
17.107653956848733,5.916370668055565,2.3753821045169894,6.326453435753622,219.30206734832336,6.922507546564638,50.0,0.0,0.0,0.21,65.4205932705787,8.97,bo_suggested
