elastomer_wtpct,filler_wtpct,compat_wtpct,N_rps,Tm_C,Q_kgh,Torque_Nm,talc_wtpct,intune_wtpct,stabilizer_wtpct,baseA_wtpct,baseB_wtpct,mode
17.99157622336095,7.473204664138277,2.909413284094244,6.433600793146136,206.26268653845622,4.972358488083788,110.56116979823486,0.0,0.0,0.21,62.44580582840652,8.97,bo_suggested
