elastomer_wtpct,filler_wtpct,compat_wtpct,N_rps,Tm_C,Q_kgh,Torque_Nm,talc_wtpct,intune_wtpct,stabilizer_wtpct,baseA_wtpct,baseB_wtpct,mode
15.163432205609187,5.998821894483568,1.2709112020989655,3.1558499279677203,220.75422955949662,4.708612175626822,50.0,0.0,0.0,0.21,68.38683469780828,8.97,bo_suggested
