elastomer_wtpct,filler_wtpct,compat_wtpct,N_rps,Tm_C,Q_kgh,Torque_Nm,talc_wtpct,intune_wtpct,stabilizer_wtpct,baseA_wtpct,baseB_wtpct,mode
13.468639633700347,14.532959829085208,1.0430900991709895,7.07614098741758,227.54872946795805,6.852594947755093,235.33110293858766,0.0,0.0,0.21,61.77531043804345,8.97,bo_suggested
