elastomer_wtpct,filler_wtpct,compat_wtpct,N_rps,Tm_C,Q_kgh,Torque_Nm,talc_wtpct,intune_wtpct,stabilizer_wtpct,baseA_wtpct,baseB_wtpct,mode
17.67925384801955,0.9038472957322653,1.2434990770535095,4.761187692022112,206.90773510872543,5.3481232211925835,70.10415411163349,0.0,0.0,0.21,70.99339977919468,8.97,bo_suggested
