elastomer_wtpct,filler_wtpct,compat_wtpct,N_rps,Tm_C,Q_kgh,Torque_Nm,talc_wtpct,intune_wtpct,stabilizer_wtpct,baseA_wtpct,baseB_wtpct,mode
9.008765232722695,5.846947339798162,2.5027884946393746,3.2475374615943107,225.62703651462186,5.510203066495053,80.31386620777204,0.0,0.0,0.21,73.46149893283976,8.97,bo_suggested
