elastomer_wtpct,filler_wtpct,compat_wtpct,N_rps,Tm_C,Q_kgh,Torque_Nm,talc_wtpct,intune_wtpct,stabilizer_wtpct,baseA_wtpct,baseB_wtpct,mode
15.634255422940663,3.959709146464446,2.1083196668510724,7.039984903858657,222.6602484792158,4.208893582126498,52.242342714615674,0.0,0.0,0.21,69.11771576374382,8.97,bo_suggested
