elastomer_wtpct,filler_wtpct,compat_wtpct,N_rps,Tm_C,Q_kgh,Torque_Nm,talc_wtpct,intune_wtpct,stabilizer_wtpct,baseA_wtpct,baseB_wtpct,mode
14.111271850253054,2.4300779107191657,0.5,4.631033517358421,221.29758599405147,2.2195263807589587,101.41326222029075,0.0,0.0,0.21,73.77865023902778,8.97,bo_suggested
