{
  "id": "eval-3a0f1a291df34fc598a823610150ea95",
  "app_name": "matsi_evaluator",
  "user_id": "default_user",
  "state": {},
  "events": [
    {
      "content": {
        "parts": [
          {
            "video_metadata": null,
            "thought": null,
            "inline_data": null,
            "file_data": null,
            "thought_signature": null,
            "function_call": null,
            "code_execution_result": null,
            "executable_code": null,
            "function_response": null,
            "text": "{\"cycle_id\": \"20250924_221715_iter_04_cand_01\", \"sample_id\": \"0\", \"predictions\": {\"elastomer_wtpct\": 17.29146732591446, \"filler_wtpct\": 0.1879019990298092, \"compat_wtpct\": 1.2415353732065988, \"N_rps\": 5.418813746375608, \"Tm_C\": 231.94547469757103, \"Q_kgh\": 4.424013783605843, \"Torque_Nm\": 0.25, \"talc_wtpct\": 0.0, \"intune_wtpct\": 0.0, \"stabilizer_wtpct\": 0.21, \"baseA_wtpct\": 72.09909530184913, \"baseB_wtpct\": 8.97, \"E_GPa\": 0.7360284923058398, \"MFI_g10min\": 25.036402643654817, \"sigma_y_MPa\": 21.046043111199495, \"Izod_23_kJm2\": 57.00522289125562, \"Izod_m20_kJm2\": 9.776667639361252, \"HDT_C\": 80.05415480851478, \"rho_gcc\": 0.893232086720759, \"eps_y_pct\": 8.018875577900786, \"Gardner_J\": 36.69247163562988, \"Xc\": 0.3870229124133004, \"phi_el\": 0.1799345359619989, \"phi_f_talc\": 0.0, \"phi_f_caco3\": 0.0, \"phi_f_biofiber\": 0.0, \"phi_f_biochar\": 0.0, \"tau_s\": 45.0, \"pvac_bar_abs\": 0.1}, \"process\": {\"N_rps\": 5.418813746375608, \"Tm_C\": 231.94547469757106, \"Q_kgh\": 4.424013783605843, \"Torque_Nm\": 0.25, \"elastomer_wtpct\": 17.29146732591446, \"filler_wtpct\": 0.1879019990298092, \"compat_wtpct\": 1.2415353732065988, \"talc_wtpct\": 0.0, \"intune_wtpct\": 0.0, \"stabilizer_wtpct\": 0.21, \"baseA_wtpct\": 72.09909530184913, \"baseB_wtpct\": 8.97}, \"targets_constraints\": {}, \"previous_report_md\": null, \"previous_scores\": null, \"meta\": {\"source\": \"pipeline\", \"row_index\": 0}}"
          }
        ],
        "role": "user"
      },
      "grounding_metadata": null,
      "partial": null,
      "turn_complete": null,
      "finish_reason": null,
      "error_code": null,
      "error_message": null,
      "interrupted": null,
      "custom_metadata": null,
      "usage_metadata": null,
      "live_session_resumption_update": null,
      "input_transcription": null,
      "output_transcription": null,
      "invocation_id": "e-3c8f339d-b50d-4560-928f-53dcc851935f",
      "author": "user",
      "actions": {
        "skip_summarization": null,
        "state_delta": {},
        "artifact_delta": {},
        "transfer_to_agent": null,
        "escalate": null,
        "requested_auth_configs": {},
        "requested_tool_confirmations": {}
      },
      "long_running_tool_ids": null,
      "branch": null,
      "id": "cbff9e1d-6280-4e9c-9137-bf33b955c3de",
      "timestamp": 1758778952.88433
    }
  ],
  "last_update_time": 1758778952.88433
}