elastomer_wtpct,filler_wtpct,compat_wtpct,N_rps,Tm_C,Q_kgh,Torque_Nm,talc_wtpct,intune_wtpct,stabilizer_wtpct,baseA_wtpct,baseB_wtpct,mode
13.889950509772945,8.067814790544535,1.3311982377433165,8.228595575000961,225.47166128943127,2.803744308101596,147.4351919573954,0.0,0.0,0.21,67.53103646193921,8.97,bo_suggested
