elastomer_wtpct,filler_wtpct,compat_wtpct,N_rps,Tm_C,Q_kgh,Torque_Nm,talc_wtpct,intune_wtpct,stabilizer_wtpct,baseA_wtpct,baseB_wtpct,mode
11.494752172491786,0.0,1.2512749965565608,3.1914146145646898,221.19157058609517,2.6797553678225303,111.26662277472317,0.0,0.0,0.21,78.07397283095165,8.97,bo_suggested
