elastomer_wtpct,filler_wtpct,compat_wtpct,N_rps,Tm_C,Q_kgh,Torque_Nm,talc_wtpct,intune_wtpct,stabilizer_wtpct,baseA_wtpct,baseB_wtpct,mode
11.771576998985022,3.7215316872503195,2.0150240505522303,4.468126338351773,230.57605935035315,2.2554940526209237,99.78114339777446,0.0,0.0,0.21,73.31186726321243,8.97,bo_suggested
