elastomer_wtpct,filler_wtpct,compat_wtpct,N_rps,Tm_C,Q_kgh,Torque_Nm,talc_wtpct,intune_wtpct,stabilizer_wtpct,baseA_wtpct,baseB_wtpct,mode
10.57636128224122,0.6268690071403494,2.1101684046362355,3.7673846031293956,220.1542514390059,2.243101540707804,62.637458449726374,0.0,0.0,0.21,77.5066013059822,8.97,bo_suggested
