elastomer_wtpct,filler_wtpct,compat_wtpct,N_rps,Tm_C,Q_kgh,Torque_Nm,talc_wtpct,intune_wtpct,stabilizer_wtpct,baseA_wtpct,baseB_wtpct,mode
9.91600973549904,1.4131007595455871,1.011840153565911,5.275039171920005,220.16208426748253,3.596125289772346,182.11534167808753,0.0,0.0,0.21,78.47904935138946,8.97,bo_suggested
