elastomer_wtpct,filler_wtpct,compat_wtpct,N_rps,Tm_C,Q_kgh,Torque_Nm,talc_wtpct,intune_wtpct,stabilizer_wtpct,baseA_wtpct,baseB_wtpct,mode
16.134597884411207,1.7035548835208416,1.9535583123449674,3.3197855544959705,233.14175327401017,3.374699583397041,53.96426841887083,0.0,0.0,0.21,71.02828891972298,8.97,bo_suggested
