elastomer_wtpct,filler_wtpct,compat_wtpct,N_rps,Tm_C,Q_kgh,Torque_Nm,talc_wtpct,intune_wtpct,stabilizer_wtpct,baseA_wtpct,baseB_wtpct,mode
12.597419839741818,0.8777943781729781,1.5271445618074364,5.699011742345682,220.15101945090888,7.01836454281638,91.37712088680075,0.0,0.0,0.21,75.81764122027776,8.97,bo_suggested
