elastomer_wtpct,filler_wtpct,compat_wtpct,N_rps,Tm_C,Q_kgh,Torque_Nm,talc_wtpct,intune_wtpct,stabilizer_wtpct,baseA_wtpct,baseB_wtpct,mode
16.411837276790344,0.0,2.32223776249696,2.833436927874368,220.34016519216095,4.3436684921354765,234.51751673226966,0.0,0.0,0.21,72.0859249607127,8.97,bo_suggested
