elastomer_wtpct,filler_wtpct,compat_wtpct,N_rps,Tm_C,Q_kgh,Torque_Nm,talc_wtpct,intune_wtpct,stabilizer_wtpct,baseA_wtpct,baseB_wtpct,mode
9.44097946093417,19.993409187159504,0.7425847675228202,6.007647305820073,217.4797512828715,5.140086794898217,149.60681862038604,0.0,0.0,0.21,60.643026584383506,8.97,bo_suggested
