elastomer_wtpct,filler_wtpct,compat_wtpct,N_rps,Tm_C,Q_kgh,Torque_Nm,talc_wtpct,intune_wtpct,stabilizer_wtpct,baseA_wtpct,baseB_wtpct,mode
9.56356596004024,5.500755999412945,1.518165277699087,3.7121682794786683,202.60982284051977,4.853919057974207,50.0,0.0,0.0,0.21,74.23751276284773,8.97,bo_suggested
