elastomer_wtpct,filler_wtpct,compat_wtpct,N_rps,Tm_C,Q_kgh,Torque_Nm,talc_wtpct,intune_wtpct,stabilizer_wtpct,baseA_wtpct,baseB_wtpct,mode
17.834211756341354,0.0,1.559392965149543,2.85846384123857,220.50207692057566,2.254051058412843,186.25692861107768,0.0,0.0,0.21,71.4263952785091,8.97,bo_suggested
