elastomer_wtpct,filler_wtpct,compat_wtpct,N_rps,Tm_C,Q_kgh,Torque_Nm,talc_wtpct,intune_wtpct,stabilizer_wtpct,baseA_wtpct,baseB_wtpct,mode
13.187003567126219,0.0,0.7770747134345015,5.1353214269514496,220.23877264948237,3.952894517474295,225.65287231789023,0.0,0.0,0.21,76.85592171943928,8.97,bo_suggested
