elastomer_wtpct,filler_wtpct,compat_wtpct,N_rps,Tm_C,Q_kgh,Torque_Nm,talc_wtpct,intune_wtpct,stabilizer_wtpct,baseA_wtpct,baseB_wtpct,mode
17.29146732591446,0.18790199902980922,1.2415353732065988,5.418813746375608,231.94547469757106,4.424013783605843,59.83464872394207,0.0,0.0,0.21,72.09909530184913,8.97,bo_suggested
