elastomer_wtpct,filler_wtpct,compat_wtpct,N_rps,Tm_C,Q_kgh,Torque_Nm,talc_wtpct,intune_wtpct,stabilizer_wtpct,baseA_wtpct,baseB_wtpct,mode
11.444037174242784,5.519030383329188,2.8470723376858817,3.7871424220535563,218.81414655921205,4.996986115266617,164.20765272262923,0.0,0.0,0.21,71.00986010474215,8.97,bo_suggested
