elastomer_wtpct,filler_wtpct,compat_wtpct,N_rps,Tm_C,Q_kgh,Torque_Nm,talc_wtpct,intune_wtpct,stabilizer_wtpct,baseA_wtpct,baseB_wtpct,mode
12.55740342090812,19.60062428546097,2.439370107252331,8.327318940185226,236.16373216946172,4.894611351558138,198.31383017173877,0.0,0.0,0.21,56.22260218637858,8.97,bo_suggested
