elastomer_wtpct,filler_wtpct,compat_wtpct,N_rps,Tm_C,Q_kgh,Torque_Nm,talc_wtpct,intune_wtpct,stabilizer_wtpct,baseA_wtpct,baseB_wtpct,mode
15.938078147681036,6.169461490898794,0.5658893080078584,7.707138472841266,205.34610096065873,6.77936091014151,154.04493051986614,0.0,0.0,0.21,68.14657105341232,8.97,bo_suggested
