elastomer_wtpct,filler_wtpct,compat_wtpct,N_rps,Tm_C,Q_kgh,Torque_Nm,talc_wtpct,intune_wtpct,stabilizer_wtpct,baseA_wtpct,baseB_wtpct,mode
17.325542940965633,4.647246984196664,2.624288478807546,3.6059187711809058,229.2016359302349,5.68645323016091,227.09330132222414,0.0,0.0,0.21,66.22292159603016,8.97,bo_suggested
