elastomer_wtpct,filler_wtpct,compat_wtpct,N_rps,Tm_C,Q_kgh,Torque_Nm,talc_wtpct,intune_wtpct,stabilizer_wtpct,baseA_wtpct,baseB_wtpct,mode
12.12119978574431,0.0,1.57949961940192,6.7576623213207325,219.56691458896915,6.671743677176579,110.95000896847466,0.0,0.0,0.21,77.11930059485377,8.97,bo_suggested
