elastomer_wtpct,filler_wtpct,compat_wtpct,N_rps,Tm_C,Q_kgh,Torque_Nm,talc_wtpct,intune_wtpct,stabilizer_wtpct,baseA_wtpct,baseB_wtpct,mode
13.489690590973495,16.810689749149542,0.7439765129106992,5.376732579308841,234.56609809426868,1.754335706246664,54.51607554547782,0.0,0.0,0.21,59.77564314696626,8.97,bo_suggested
