elastomer_wtpct,filler_wtpct,compat_wtpct,N_rps,Tm_C,Q_kgh,Torque_Nm,talc_wtpct,intune_wtpct,stabilizer_wtpct,baseA_wtpct,baseB_wtpct,mode
12.892735211976419,0.7277939658184019,1.7373671353921551,2.959228619168745,220.3584521015115,4.708831848966652,155.14335463820194,0.0,0.0,0.21,75.46210368681302,8.97,bo_suggested
