elastomer_wtpct,filler_wtpct,compat_wtpct,N_rps,Tm_C,Q_kgh,Torque_Nm,talc_wtpct,intune_wtpct,stabilizer_wtpct,baseA_wtpct,baseB_wtpct,mode
13.690184991030627,0.431781880155,1.6763489787191892,2.7226805100122986,221.32956456634236,4.317186672955616,92.87166422172797,0.0,0.0,0.21,75.02168415009518,8.97,bo_suggested
