elastomer_wtpct,filler_wtpct,compat_wtpct,N_rps,Tm_C,Q_kgh,Torque_Nm,talc_wtpct,intune_wtpct,stabilizer_wtpct,baseA_wtpct,baseB_wtpct,mode
17.203729475432063,0.0,1.6579240067584526,8.152826363844921,220.06478525544188,3.930346407795748,108.35552261349403,0.0,0.0,0.21,71.95834651780949,8.97,bo_suggested
