elastomer_wtpct,filler_wtpct,compat_wtpct,N_rps,Tm_C,Q_kgh,Torque_Nm,talc_wtpct,intune_wtpct,stabilizer_wtpct,baseA_wtpct,baseB_wtpct,mode
13.09309866699937,0.0,1.6716049253728869,4.287816083824643,220.52141663796786,3.887772302013647,220.34306927397736,0.0,0.0,0.21,76.05529640762774,8.97,bo_suggested
