elastomer_wtpct,filler_wtpct,compat_wtpct,N_rps,Tm_C,Q_kgh,Torque_Nm,talc_wtpct,intune_wtpct,stabilizer_wtpct,baseA_wtpct,baseB_wtpct,mode
8.109920409855617,15.139391770133798,2.3503938231573853,4.97458008459458,222.72674569234707,7.670625260508508,67.22637340440562,0.0,0.0,0.21,65.2202939968532,8.97,bo_suggested
