elastomer_wtpct,filler_wtpct,compat_wtpct,N_rps,Tm_C,Q_kgh,Torque_Nm,talc_wtpct,intune_wtpct,stabilizer_wtpct,baseA_wtpct,baseB_wtpct,mode
16.088733315088085,0.0,0.8822731502777864,7.085661193395338,207.46978730499043,7.485735618223959,121.10200050323655,0.0,0.0,0.21,73.84899353463413,8.97,bo_suggested
