elastomer_wtpct,filler_wtpct,compat_wtpct,N_rps,Tm_C,Q_kgh,Torque_Nm,talc_wtpct,intune_wtpct,stabilizer_wtpct,baseA_wtpct,baseB_wtpct,mode
13.262334769696302,0.0,1.2928559318872923,5.731359668368672,221.04450369855942,4.2999311924131725,146.54444543943532,0.0,0.0,0.21,76.26480929841641,8.97,bo_suggested
