elastomer_wtpct,filler_wtpct,compat_wtpct,N_rps,Tm_C,Q_kgh,Torque_Nm,talc_wtpct,intune_wtpct,stabilizer_wtpct,baseA_wtpct,baseB_wtpct,mode
13.342254915350713,14.599579231649626,1.1946978449914023,4.7641498751938425,234.09782534442778,3.640451122578246,167.72722660224622,0.0,0.0,0.21,61.68346800800826,8.97,bo_suggested
