elastomer_wtpct,filler_wtpct,compat_wtpct,N_rps,Tm_C,Q_kgh,Torque_Nm,talc_wtpct,intune_wtpct,stabilizer_wtpct,baseA_wtpct,baseB_wtpct,mode
12.620830999132535,10.367532404771948,0.7603271145094399,6.613797598906552,238.67780294358647,8.834992993908163,161.7164180712623,0.0,0.0,0.21,67.07130948158607,8.97,bo_suggested
