elastomer_wtpct,filler_wtpct,compat_wtpct,N_rps,Tm_C,Q_kgh,Torque_Nm,talc_wtpct,intune_wtpct,stabilizer_wtpct,baseA_wtpct,baseB_wtpct,mode
16.81493572384383,0.0,0.6105414016624217,4.863884079604045,220.23729424928254,3.891345349072431,198.36606611443477,0.0,0.0,0.21,73.39452287449375,8.97,bo_suggested
