elastomer_wtpct,filler_wtpct,compat_wtpct,N_rps,Tm_C,Q_kgh,Torque_Nm,talc_wtpct,intune_wtpct,stabilizer_wtpct,baseA_wtpct,baseB_wtpct,mode
15.13207452682453,16.815428446900874,2.5712039416550136,6.863085458060769,232.67492903555484,9.009645689627368,77.87231977764178,0.0,0.0,0.21,56.30129308461957,8.97,bo_suggested
