elastomer_wtpct,filler_wtpct,compat_wtpct,N_rps,Tm_C,Q_kgh,Torque_Nm,talc_wtpct,intune_wtpct,stabilizer_wtpct,baseA_wtpct,baseB_wtpct,mode
8.648598255837653,9.7947800409216,2.9288425047765942,7.395718837044278,203.6379120626025,8.141378489233215,72.83362491481469,0.0,0.0,0.21,69.44777919846416,8.97,bo_suggested
