elastomer_wtpct,filler_wtpct,compat_wtpct,N_rps,Tm_C,Q_kgh,Torque_Nm,talc_wtpct,intune_wtpct,stabilizer_wtpct,baseA_wtpct,baseB_wtpct,mode
9.242319493811621,0.0,1.7624181980206113,2.605234381655654,220.3325687644092,4.352702115980019,157.97992827597153,0.0,0.0,0.21,79.81526230816777,8.97,bo_suggested
