elastomer_wtpct,filler_wtpct,compat_wtpct,N_rps,Tm_C,Q_kgh,Torque_Nm,talc_wtpct,intune_wtpct,stabilizer_wtpct,baseA_wtpct,baseB_wtpct,mode
15.724602458197847,5.470624427146616,2.1731055259929493,5.125717761721981,218.3257621977205,5.549855265835565,50.0,0.0,0.0,0.21,67.45166758866259,8.97,bo_suggested
