elastomer_wtpct,filler_wtpct,compat_wtpct,N_rps,Tm_C,Q_kgh,Torque_Nm,talc_wtpct,intune_wtpct,stabilizer_wtpct,baseA_wtpct,baseB_wtpct,mode
8.911163828127611,4.067147843603186,1.34241653390524,3.341097130101486,219.7723513665895,1.2762364033521887,133.4905704609597,0.0,0.0,0.21,76.49927179436396,8.97,bo_suggested
