{
  "N_rps": 3.1914146145646898,
  "Tm_C": 221.19157058609517,
  "Q_kgh": 2.6797553678225303,
  "Torque_Nm": 0.25
}