elastomer_wtpct,filler_wtpct,compat_wtpct,N_rps,Tm_C,Q_kgh,Torque_Nm,talc_wtpct,intune_wtpct,stabilizer_wtpct,baseA_wtpct,baseB_wtpct,mode,E_GPa,MFI_g10min,sigma_y_MPa,Izod_23_kJm2,Izod_m20_kJm2,HDT_C,Shrink_pct,rho_gcc,eps_y_pct,Gardner_J,Xc,phi_el,phi_f_talc,phi_f_caco3,phi_f_biofiber,phi_f_biochar,tau_s,pvac_bar_abs
9.81305203845446,0.0,2.384447596799933,5.350765481712212,230.19851673779425,5.965362207124742,0.25,0.0,0.0,0.21,78.6225003647456,8.97,bo_suggested,0.9547845512675448,25.025565841292753,22.401587301964597,44.15897707215273,7.573475205108554,87.77146331819166,,0.8965609249138092,5.76061195502694,27.764766120462422,0.41419419006815783,0.10230231409097758,0.0,0.0,0.0,0.0,45.0,0.1
