elastomer_wtpct,filler_wtpct,compat_wtpct,N_rps,Tm_C,Q_kgh,Torque_Nm,talc_wtpct,intune_wtpct,stabilizer_wtpct,baseA_wtpct,baseB_wtpct,mode,E_GPa,MFI_g10min,sigma_y_MPa,Izod_23_kJm2,Izod_m20_kJm2,HDT_C,Shrink_pct,rho_gcc,eps_y_pct,Gardner_J,Xc,phi_el,phi_f_talc,phi_f_caco3,phi_f_biofiber,phi_f_biochar,tau_s,pvac_bar_abs
9.44097946093417,19.993409187159504,0.7425847675228202,6.007647305820073,217.4797512828715,5.140086794898217,0.25,0.0,0.0,0.21,60.643026584383506,8.97,bo_suggested,0.8933219240025565,25.029608051381114,21.28135687073727,44.154994527086735,7.572792179633096,85.7687535225197,,0.8955007906430663,6.376495346181661,30.130471407490738,0.406994217455463,0.12287366441296294,0.0,0.0,0.0,0.0,45.0,0.1
