{
  "N_rps": 7.951169106417879,
  "Tm_C": 207.0720630457597,
  "Q_kgh": 6.118873977357429,
  "Torque_Nm": 0.25
}