elastomer_wtpct,filler_wtpct,compat_wtpct,N_rps,Tm_C,Q_kgh,Torque_Nm,talc_wtpct,intune_wtpct,stabilizer_wtpct,baseA_wtpct,baseB_wtpct,mode,E_GPa,MFI_g10min,sigma_y_MPa,Izod_23_kJm2,Izod_m20_kJm2,HDT_C,Shrink_pct,rho_gcc,eps_y_pct,Gardner_J,Xc,phi_el,phi_f_talc,phi_f_caco3,phi_f_biofiber,phi_f_biochar,tau_s,pvac_bar_abs
13.690184991030627,0.431781880155,1.6763489787191892,2.7226805100122986,221.32956456634236,4.317186672955616,0.25,0.0,0.0,0.21,75.02168415009518,8.97,bo_suggested,0.8354929082839797,25.009172900396617,20.6981969896245,26.80156626510181,4.59659645727675,83.77503838542478,,0.894793886712376,6.968410347860438,32.45170748448258,0.3999295859167922,0.14305832595202242,0.0,0.0,0.0,0.0,45.0,0.1
