{
  "N_rps": 7.085661193395338,
  "Tm_C": 207.46978730499043,
  "Q_kgh": 7.485735618223959,
  "Torque_Nm": 0.25
}