{
  "N_rps": 6.7576623213207325,
  "Tm_C": 219.56691458896915,
  "Q_kgh": 6.671743677176579,
  "Torque_Nm": 0.25
}