{
  "N_rps": 5.275039171920005,
  "Tm_C": 220.16208426748253,
  "Q_kgh": 3.596125289772346,
  "Torque_Nm": 0.25
}