{
  "N_rps": 7.707138472841266,
  "Tm_C": 205.34610096065873,
  "Q_kgh": 6.77936091014151,
  "Torque_Nm": 0.25
}