{
  "N_rps": 2.644059397022305,
  "Tm_C": 227.65675720627732,
  "Q_kgh": 6.684890129800727,
  "Torque_Nm": 0.25
}