{
  "N_rps": 3.341097130101486,
  "Tm_C": 219.7723513665895,
  "Q_kgh": 1.2762364033521887,
  "Torque_Nm": 0.25
}