elastomer_wtpct,filler_wtpct,compat_wtpct,N_rps,Tm_C,Q_kgh,Torque_Nm,talc_wtpct,intune_wtpct,stabilizer_wtpct,baseA_wtpct,baseB_wtpct,mode,E_GPa,MFI_g10min,sigma_y_MPa,Izod_23_kJm2,Izod_m20_kJm2,HDT_C,Shrink_pct,rho_gcc,eps_y_pct,Gardner_J,Xc,phi_el,phi_f_talc,phi_f_caco3,phi_f_biofiber,phi_f_biochar,tau_s,pvac_bar_abs
8.911163828127611,4.067147843603186,1.34241653390524,3.341097130101486,219.7723513665895,1.2762364033521887,0.25,0.0,0.0,0.21,76.49927179436396,8.97,bo_suggested,0.9715322110377482,25.04257733376872,22.149011855854543,42.995216855246376,7.373884776801509,88.29826137775069,,0.8965953216813597,5.594973422525305,27.136864329141012,0.41610519552000563,0.09684229851426969,0.0,0.0,0.0,0.0,45.0,0.1
