elastomer_wtpct,filler_wtpct,compat_wtpct,N_rps,Tm_C,Q_kgh,Torque_Nm,talc_wtpct,intune_wtpct,stabilizer_wtpct,baseA_wtpct,baseB_wtpct,mode,E_GPa,MFI_g10min,sigma_y_MPa,Izod_23_kJm2,Izod_m20_kJm2,HDT_C,Shrink_pct,rho_gcc,eps_y_pct,Gardner_J,Xc,phi_el,phi_f_talc,phi_f_caco3,phi_f_biofiber,phi_f_biochar,tau_s,pvac_bar_abs
8.109920409855617,15.139391770133798,2.3503938231573853,4.97458008459458,222.72674569234707,7.670625260508508,0.25,0.0,0.0,0.21,65.2202939968532,8.97,bo_suggested,0.9628841072054365,25.015217593178768,22.29149986597872,36.66690526149113,6.2885491525818535,88.02720035415308,,0.8967757088210078,5.6803932538088375,27.460239055409488,0.41512101157049286,0.0996542526557347,0.0,0.0,0.0,0.0,45.0,0.1
