elastomer_wtpct,filler_wtpct,compat_wtpct,N_rps,Tm_C,Q_kgh,Torque_Nm,talc_wtpct,intune_wtpct,stabilizer_wtpct,baseA_wtpct,baseB_wtpct,mode,E_GPa,MFI_g10min,sigma_y_MPa,Izod_23_kJm2,Izod_m20_kJm2,HDT_C,Shrink_pct,rho_gcc,eps_y_pct,Gardner_J,Xc,phi_el,phi_f_talc,phi_f_caco3,phi_f_biofiber,phi_f_biochar,tau_s,pvac_bar_abs
13.342254915350713,14.599579231649626,1.1946978449914023,4.7641498751938425,234.09782534442778,3.640451122578246,0.25,0.0,0.0,0.21,61.68346800800826,8.97,bo_suggested,0.7823189162611892,25.036113242824943,21.36913155144294,55.2270055785957,9.471694888187237,81.83577065046244,,0.8939954130448498,7.52451781557391,34.676861709412236,0.3931573774061367,0.1624074931253238,0.0,0.0,0.0,0.0,45.0,0.1
