elastomer_wtpct,filler_wtpct,compat_wtpct,N_rps,Tm_C,Q_kgh,Torque_Nm,talc_wtpct,intune_wtpct,stabilizer_wtpct,baseA_wtpct,baseB_wtpct,mode,E_GPa,MFI_g10min,sigma_y_MPa,Izod_23_kJm2,Izod_m20_kJm2,HDT_C,Shrink_pct,rho_gcc,eps_y_pct,Gardner_J,Xc,phi_el,phi_f_talc,phi_f_caco3,phi_f_biofiber,phi_f_biochar,tau_s,pvac_bar_abs
12.12119978574431,0.0,1.57949961940192,6.7576623213207325,219.56691458896915,6.671743677176579,0.25,0.0,0.0,0.21,77.11930059485377,8.97,bo_suggested,0.8836008471023711,25.02972205611686,21.92295401284648,50.257852533025876,8.61946143813422,85.44139866644656,,0.8954471902225332,6.475116861628385,30.51392841140851,0.40582717440006105,0.1262080731426827,0.0,0.0,0.0,0.0,45.0,0.1
