{
  "N_rps": 3.7121682794786683,
  "Tm_C": 202.60982284051977,
  "Q_kgh": 4.853919057974207,
  "Torque_Nm": 0.25
}