{
  "N_rps": 6.863085458060769,
  "Tm_C": 232.67492903555484,
  "Q_kgh": 9.009645689627368,
  "Torque_Nm": 0.25
}