elastomer_wtpct,filler_wtpct,compat_wtpct,N_rps,Tm_C,Q_kgh,Torque_Nm,talc_wtpct,intune_wtpct,stabilizer_wtpct,baseA_wtpct,baseB_wtpct,mode,E_GPa,MFI_g10min,sigma_y_MPa,Izod_23_kJm2,Izod_m20_kJm2,HDT_C,Shrink_pct,rho_gcc,eps_y_pct,Gardner_J,Xc,phi_el,phi_f_talc,phi_f_caco3,phi_f_biofiber,phi_f_biochar,tau_s,pvac_bar_abs
13.489690590973495,16.810689749149542,0.7439765129106992,5.376732579308841,234.56609809426868,1.754335706246664,0.25,0.0,0.0,0.21,59.77564314696626,8.97,bo_suggested,0.7660192314920207,25.094720611527883,20.77253394639653,53.1943198489304,9.12307958968871,81.21890776534592,,0.8936592095634568,7.697450656959999,35.37785891055411,0.391023907663531,0.1685031209613401,0.0,0.0,0.0,0.0,45.0,0.1
