{
  "N_rps": 3.6059187711809058,
  "Tm_C": 229.2016359302349,
  "Q_kgh": 5.68645323016091,
  "Torque_Nm": 0.25
}