elastomer_wtpct,filler_wtpct,compat_wtpct,N_rps,Tm_C,Q_kgh,Torque_Nm,talc_wtpct,intune_wtpct,stabilizer_wtpct,baseA_wtpct,baseB_wtpct,mode,E_GPa,MFI_g10min,sigma_y_MPa,Izod_23_kJm2,Izod_m20_kJm2,HDT_C,Shrink_pct,rho_gcc,eps_y_pct,Gardner_J,Xc,phi_el,phi_f_talc,phi_f_caco3,phi_f_biofiber,phi_f_biochar,tau_s,pvac_bar_abs
15.13207452682453,16.815428446900874,2.5712039416550136,6.863085458060769,232.67492903555484,9.009645689627368,0.25,0.0,0.0,0.21,56.30129308461957,8.97,bo_suggested,0.7129109874446303,25.028536255471717,21.47509481193294,60.65362311992943,10.402385681358155,79.12845095366896,,0.8932678742256918,8.26964321426262,37.72885249472425,0.38386870979866533,0.18894654343238482,0.0,0.0,0.0,0.0,45.0,0.1
