{
  "N_rps": 8.327318940185226,
  "Tm_C": 236.16373216946172,
  "Q_kgh": 4.894611351558138,
  "Torque_Nm": 0.25
}