elastomer_wtpct,filler_wtpct,compat_wtpct,N_rps,Tm_C,Q_kgh,Torque_Nm,talc_wtpct,intune_wtpct,stabilizer_wtpct,baseA_wtpct,baseB_wtpct,mode,E_GPa,MFI_g10min,sigma_y_MPa,Izod_23_kJm2,Izod_m20_kJm2,HDT_C,Shrink_pct,rho_gcc,eps_y_pct,Gardner_J,Xc,phi_el,phi_f_talc,phi_f_caco3,phi_f_biofiber,phi_f_biochar,tau_s,pvac_bar_abs
17.714965780952294,0.0,0.9623702071273401,8.236473774601686,214.67262490847128,7.23600260900676,0.25,0.0,0.0,0.21,72.14266401192037,8.97,bo_suggested,0.7256694856651701,25.03724212662499,20.70169093538795,56.076985263388174,9.617470458511333,79.64245110165908,,0.893016337146889,8.130911964881445,37.15432201458927,0.3856172808251631,0.1839506262138197,0.0,0.0,0.0,0.0,45.0,0.1
