elastomer_wtpct,filler_wtpct,compat_wtpct,N_rps,Tm_C,Q_kgh,Torque_Nm,talc_wtpct,intune_wtpct,stabilizer_wtpct,baseA_wtpct,baseB_wtpct,mode,E_GPa,MFI_g10min,sigma_y_MPa,Izod_23_kJm2,Izod_m20_kJm2,HDT_C,Shrink_pct,rho_gcc,eps_y_pct,Gardner_J,Xc,phi_el,phi_f_talc,phi_f_caco3,phi_f_biofiber,phi_f_biochar,tau_s,pvac_bar_abs
17.29146732591446,0.18790199902980922,1.2415353732065988,5.418813746375608,231.94547469757106,4.424013783605843,0.25,0.0,0.0,0.21,72.09909530184913,8.97,bo_suggested,0.7360284923058398,25.036402643654817,21.046043111199495,57.00522289125562,9.776667639361252,80.05415480851478,,0.893232086720759,8.018875577900786,36.69247163562988,0.3870229124133004,0.17993453596199896,0.0,0.0,0.0,0.0,45.0,0.1
