elastomer_wtpct,filler_wtpct,compat_wtpct,N_rps,Tm_C,Q_kgh,Torque_Nm,talc_wtpct,intune_wtpct,stabilizer_wtpct,baseA_wtpct,baseB_wtpct,mode,E_GPa,MFI_g10min,sigma_y_MPa,Izod_23_kJm2,Izod_m20_kJm2,HDT_C,Shrink_pct,rho_gcc,eps_y_pct,Gardner_J,Xc,phi_el,phi_f_talc,phi_f_caco3,phi_f_biofiber,phi_f_biochar,tau_s,pvac_bar_abs
11.494752172491786,0.0,1.2512749965565608,3.1914146145646898,221.19157058609517,2.6797553678225303,0.25,0.0,0.0,0.21,78.07397283095165,8.97,bo_suggested,0.9026024388024725,25.019219737639094,21.489117432291305,38.62859065634108,6.624987554989698,86.07847341965628,,0.8956432508336232,6.2826617367953235,29.76683346952559,0.40810094161448734,0.11971159538717904,0.0,0.0,0.0,0.0,45.0,0.1
