{
  "N_rps": 8.236473774601686,
  "Tm_C": 214.67262490847128,
  "Q_kgh": 7.23600260900676,
  "Torque_Nm": 0.25
}