elastomer_wtpct,filler_wtpct,compat_wtpct,N_rps,Tm_C,Q_kgh,Torque_Nm,talc_wtpct,intune_wtpct,stabilizer_wtpct,baseA_wtpct,baseB_wtpct,mode,E_GPa,MFI_g10min,sigma_y_MPa,Izod_23_kJm2,Izod_m20_kJm2,HDT_C,Shrink_pct,rho_gcc,eps_y_pct,Gardner_J,Xc,phi_el,phi_f_talc,phi_f_caco3,phi_f_biofiber,phi_f_biochar,tau_s,pvac_bar_abs,literature_consistency_score,realism_penalty,recommended_bo_weight,confidence,evaluation_status
9.56356596004024,5.500755999412945,1.518165277699087,3.712168279478668,202.60982284051977,4.853919057974207,0.25,0.0,0.0,0.21,74.23751276284773,8.97,bo_suggested,0.9451416865668136,25.00995439823725,21.772384409298745,31.573320841320957,5.414975128250281,87.46459885168932,,0.8962932672284808,5.856393515348499,28.12944826939967,0.4130842878757401,0.105473463212171,0.0,0.0,0.0,0.0,45.0,0.1,0.1,0.1,0.0,Error,failed
