elastomer_wtpct,filler_wtpct,compat_wtpct,N_rps,Tm_C,Q_kgh,Torque_Nm,talc_wtpct,intune_wtpct,stabilizer_wtpct,baseA_wtpct,baseB_wtpct,mode,E_GPa,MFI_g10min,sigma_y_MPa,Izod_23_kJm2,Izod_m20_kJm2,HDT_C,Shrink_pct,rho_gcc,eps_y_pct,Gardner_J,Xc,phi_el,phi_f_talc,phi_f_caco3,phi_f_biofiber,phi_f_biochar,tau_s,pvac_bar_abs
13.09923466519975,0.0,2.536720722377398,7.951169106417879,207.0720630457597,6.118873977357429,0.25,0.0,0.0,0.21,75.18404461242285,8.97,bo_suggested,0.8544198587176208,25.035926670640382,22.108603161359824,54.516638380643215,9.349863525304327,84.44008907177249,,0.8952273583037039,6.773271621259642,31.681177013832716,0.4022746786535526,0.1363580609898497,0.0,0.0,0.0,0.0,45.0,0.1
