{
  "N_rps": 5.1353214269514496,
  "Tm_C": 220.23877264948237,
  "Q_kgh": 3.952894517474295,
  "Torque_Nm": 0.25
}