elastomer_wtpct,filler_wtpct,compat_wtpct,N_rps,Tm_C,Q_kgh,Torque_Nm,talc_wtpct,intune_wtpct,stabilizer_wtpct,baseA_wtpct,baseB_wtpct,mode,E_GPa,MFI_g10min,sigma_y_MPa,Izod_23_kJm2,Izod_m20_kJm2,HDT_C,Shrink_pct,rho_gcc,eps_y_pct,Gardner_J,Xc,phi_el,phi_f_talc,phi_f_caco3,phi_f_biofiber,phi_f_biochar,tau_s,pvac_bar_abs
15.938078147681036,6.169461490898794,0.5658893080078584,7.707138472841266,205.34610096065873,6.77936091014151,0.25,0.0,0.0,0.21,68.14657105341232,8.97,bo_suggested,0.7451445665225158,25.029563759952374,20.008810702742274,47.75135238499228,8.189584706802412,80.41240142954763,,0.8932598536009548,7.92071908335547,36.28938802242171,0.3882496886274122,0.17642946106453664,0.0,0.0,0.0,0.0,45.0,0.1
