{
  "N_rps": 5.699011742345682,
  "Tm_C": 220.15101945090888,
  "Q_kgh": 7.01836454281638,
  "Torque_Nm": 0.25
}