{
  "N_rps": 2.85846384123857,
  "Tm_C": 220.50207692057566,
  "Q_kgh": 2.254051058412843,
  "Torque_Nm": 0.25
}