{
  "N_rps": 2.833436927874368,
  "Tm_C": 220.34016519216095,
  "Q_kgh": 4.3436684921354765,
  "Torque_Nm": 0.25
}