elastomer_wtpct,filler_wtpct,compat_wtpct,N_rps,Tm_C,Q_kgh,Torque_Nm,talc_wtpct,intune_wtpct,stabilizer_wtpct,baseA_wtpct,baseB_wtpct,mode,E_GPa,MFI_g10min,sigma_y_MPa,Izod_23_kJm2,Izod_m20_kJm2,HDT_C,Shrink_pct,rho_gcc,eps_y_pct,Gardner_J,Xc,phi_el,phi_f_talc,phi_f_caco3,phi_f_biofiber,phi_f_biochar,tau_s,pvac_bar_abs
16.81493572384383,0.0,0.6105414016624217,4.863884079604045,220.23729424928254,3.891345349072431,0.25,0.0,0.0,0.21,73.39452287449375,8.97,bo_suggested,0.7497625945599272,25.027543417026536,19.85238060037824,42.90464643293081,7.358351517355702,80.59246176267284,,0.8933196006379461,7.871148364219593,36.08637025048075,0.3888675688028847,0.1746640891346152,0.0,0.0,0.0,0.0,45.0,0.1
