elastomer_wtpct,filler_wtpct,compat_wtpct,N_rps,Tm_C,Q_kgh,Torque_Nm,talc_wtpct,intune_wtpct,stabilizer_wtpct,baseA_wtpct,baseB_wtpct,mode,E_GPa,MFI_g10min,sigma_y_MPa,Izod_23_kJm2,Izod_m20_kJm2,HDT_C,Shrink_pct,rho_gcc,eps_y_pct,Gardner_J,Xc,phi_el,phi_f_talc,phi_f_caco3,phi_f_biofiber,phi_f_biochar,tau_s,pvac_bar_abs
13.262334769696302,0.0,1.2928559318872923,5.731359668368672,221.04450369855942,4.2999311924131725,0.25,0.0,0.0,0.21,76.26480929841641,8.97,bo_suggested,0.8497334268884796,25.034424799797918,21.588475192022322,51.39708960391625,8.814846029924725,84.2765898700976,,0.8949191215994377,6.821457920636839,31.870958755607486,0.40169708204815113,0.13800833700528248,0.0,0.0,0.0,0.0,45.0,0.1
