elastomer_wtpct,filler_wtpct,compat_wtpct,N_rps,Tm_C,Q_kgh,Torque_Nm,talc_wtpct,intune_wtpct,stabilizer_wtpct,baseA_wtpct,baseB_wtpct,mode,E_GPa,MFI_g10min,sigma_y_MPa,Izod_23_kJm2,Izod_m20_kJm2,HDT_C,Shrink_pct,rho_gcc,eps_y_pct,Gardner_J,Xc,phi_el,phi_f_talc,phi_f_caco3,phi_f_biofiber,phi_f_biochar,tau_s,pvac_bar_abs
12.892735211976419,0.7277939658184019,1.7373671353921551,2.959228619168745,220.3584521015115,4.708831848966652,0.25,0.0,0.0,0.21,75.46210368681302,8.97,bo_suggested,0.8577848502379212,25.009490454232317,20.96089369928977,27.639368635322842,4.740283560066353,84.55701832284609,,0.8951228452940269,6.738725037030372,31.545311209686496,0.4026881832748672,0.13517661921466517,0.0,0.0,0.0,0.0,45.0,0.1
