{
  "N_rps": 2.605234381655654,
  "Tm_C": 220.3325687644092,
  "Q_kgh": 4.352702115980019,
  "Torque_Nm": 0.25
}