{
  "N_rps": 5.731359668368672,
  "Tm_C": 221.04450369855942,
  "Q_kgh": 4.2999311924131725,
  "Torque_Nm": 0.25
}