{
  "N_rps": 4.468126338351773,
  "Tm_C": 230.57605935035315,
  "Q_kgh": 2.2554940526209237,
  "Torque_Nm": 0.25
}