elastomer_wtpct,filler_wtpct,compat_wtpct,N_rps,Tm_C,Q_kgh,Torque_Nm,talc_wtpct,intune_wtpct,stabilizer_wtpct,baseA_wtpct,baseB_wtpct,mode,E_GPa,MFI_g10min,sigma_y_MPa,Izod_23_kJm2,Izod_m20_kJm2,HDT_C,Shrink_pct,rho_gcc,eps_y_pct,Gardner_J,Xc,phi_el,phi_f_talc,phi_f_caco3,phi_f_biofiber,phi_f_biochar,tau_s,pvac_bar_abs
11.771576998985022,3.7215316872503195,2.0150240505522303,4.468126338351773,230.57605935035315,2.2554940526209237,0.25,0.0,0.0,0.21,73.31186726321243,8.97,bo_suggested,0.8803902197902881,25.048717320360392,22.12896168689117,52.229196561189646,8.957556342226829,85.33261219220964,,0.8955101900288208,6.507765025832886,30.641156956679836,0.4054399570883657,0.1273144083189551,0.0,0.0,0.0,0.0,45.0,0.1
