elastomer_wtpct,filler_wtpct,compat_wtpct,N_rps,Tm_C,Q_kgh,Torque_Nm,talc_wtpct,intune_wtpct,stabilizer_wtpct,baseA_wtpct,baseB_wtpct,mode,E_GPa,MFI_g10min,sigma_y_MPa,Izod_23_kJm2,Izod_m20_kJm2,HDT_C,Shrink_pct,rho_gcc,eps_y_pct,Gardner_J,Xc,phi_el,phi_f_talc,phi_f_caco3,phi_f_biofiber,phi_f_biochar,tau_s,pvac_bar_abs
15.724602458197847,5.470624427146616,2.1731055259929493,5.125717761721981,218.3257621977205,5.549855265835565,0.25,0.0,0.0,0.21,67.45166758866259,8.97,bo_suggested,0.7544726698541472,25.020592871148352,21.530356482061798,57.2611053960222,9.820552709481975,80.77514219710338,,0.893730369287189,7.820694519881368,35.88011033016613,0.3894953163864509,0.17287052461014024,0.0,0.0,0.0,0.0,45.0,0.1
