elastomer_wtpct,filler_wtpct,compat_wtpct,N_rps,Tm_C,Q_kgh,Torque_Nm,talc_wtpct,intune_wtpct,stabilizer_wtpct,baseA_wtpct,baseB_wtpct,mode,E_GPa,MFI_g10min,sigma_y_MPa,Izod_23_kJm2,Izod_m20_kJm2,HDT_C,Shrink_pct,rho_gcc,eps_y_pct,Gardner_J,Xc,phi_el,phi_f_talc,phi_f_caco3,phi_f_biofiber,phi_f_biochar,tau_s,pvac_bar_abs
12.620830999132535,10.367532404771948,0.7603271145094399,6.613797598906552,238.67780294358647,8.834992993908163,0.25,0.0,0.0,0.21,67.07130948158607,8.97,bo_suggested,0.825991759350718,25.030068076631007,20.689289676692624,42.306432146386555,7.255754913745933,83.43636311526404,,0.8945162211751939,7.066907503222216,32.84264163314785,0.3987397863338979,0.1464577533317204,0.0,0.0,0.0,0.0,45.0,0.1
