{
  "N_rps": 6.613797598906552,
  "Tm_C": 238.67780294358647,
  "Q_kgh": 8.834992993908163,
  "Torque_Nm": 0.25
}