elastomer_wtpct,filler_wtpct,compat_wtpct,N_rps,Tm_C,Q_kgh,Torque_Nm,talc_wtpct,intune_wtpct,stabilizer_wtpct,baseA_wtpct,baseB_wtpct,mode,E_GPa,MFI_g10min,sigma_y_MPa,Izod_23_kJm2,Izod_m20_kJm2,HDT_C,Shrink_pct,rho_gcc,eps_y_pct,Gardner_J,Xc,phi_el,phi_f_talc,phi_f_caco3,phi_f_biofiber,phi_f_biochar,tau_s,pvac_bar_abs
17.834211756341354,0.0,1.559392965149543,2.85846384123857,220.50207692057566,2.254051058412843,0.25,0.0,0.0,0.21,71.4263952785091,8.97,bo_suggested,0.7224591210940667,25.01876295845355,20.85083915267599,51.85062792181883,8.892630014811637,79.51384443860495,,0.8930821998004627,8.165742255063494,37.29829026409267,0.38517911658754406,0.18520252403558848,0.0,0.0,0.0,0.0,45.0,0.1
