{
  "N_rps": 2.959228619168745,
  "Tm_C": 220.3584521015115,
  "Q_kgh": 4.708831848966652,
  "Torque_Nm": 0.25
}