elastomer_wtpct,filler_wtpct,compat_wtpct,N_rps,Tm_C,Q_kgh,Torque_Nm,talc_wtpct,intune_wtpct,stabilizer_wtpct,baseA_wtpct,baseB_wtpct,mode,E_GPa,MFI_g10min,sigma_y_MPa,Izod_23_kJm2,Izod_m20_kJm2,HDT_C,Shrink_pct,rho_gcc,eps_y_pct,Gardner_J,Xc,phi_el,phi_f_talc,phi_f_caco3,phi_f_biofiber,phi_f_biochar,tau_s,pvac_bar_abs
11.444037174242784,5.519030383329188,2.8470723376858817,3.7871424220535563,218.81414655921205,4.996986115266617,0.25,0.0,0.0,0.21,71.00986010474215,8.97,bo_suggested,0.8837434601752575,25.013300094635767,21.837984221133627,39.93551615688675,6.849131512335767,85.44622309787663,,0.8957395174716172,6.47366754053431,30.508283784147913,0.4058443537004194,0.12615898942737316,0.0,0.0,0.0,0.0,45.0,0.1
