elastomer_wtpct,filler_wtpct,compat_wtpct,N_rps,Tm_C,Q_kgh,Torque_Nm,talc_wtpct,intune_wtpct,stabilizer_wtpct,baseA_wtpct,baseB_wtpct,mode,E_GPa,MFI_g10min,sigma_y_MPa,Izod_23_kJm2,Izod_m20_kJm2,HDT_C,Shrink_pct,rho_gcc,eps_y_pct,Gardner_J,Xc,phi_el,phi_f_talc,phi_f_caco3,phi_f_biofiber,phi_f_biochar,tau_s,pvac_bar_abs
9.56356596004024,5.500755999412945,1.518165277699087,3.7121682794786683,202.60982284051977,4.853919057974207,0.25,0.0,0.0,0.21,74.23751276284773,8.97,bo_suggested,0.9451416865668135,25.00995439823725,21.772384409298745,31.573320841320957,5.414975128250281,87.46459885168932,,0.8962932672284808,5.856393515348499,28.129448269399674,0.41308428787574014,0.10547346321217106,0.0,0.0,0.0,0.0,45.0,0.1
