elastomer_wtpct,filler_wtpct,compat_wtpct,N_rps,Tm_C,Q_kgh,Torque_Nm,talc_wtpct,intune_wtpct,stabilizer_wtpct,baseA_wtpct,baseB_wtpct,mode,E_GPa,MFI_g10min,sigma_y_MPa,Izod_23_kJm2,Izod_m20_kJm2,HDT_C,Shrink_pct,rho_gcc,eps_y_pct,Gardner_J,Xc,phi_el,phi_f_talc,phi_f_caco3,phi_f_biofiber,phi_f_biochar,tau_s,pvac_bar_abs
13.09309866699937,0.0,1.6716049253728869,4.287816083824643,220.52141663796786,3.887772302013647,0.25,0.0,0.0,0.21,76.05529640762774,8.97,bo_suggested,0.854672999041695,25.02199149412244,21.7553576911796,49.58004173438085,8.503213653025766,84.4488989348712,,0.8950624586937783,6.770671240513273,31.670944473866733,0.40230582116649255,0.13626908238144986,0.0,0.0,0.0,0.0,45.0,0.1
