{
  "N_rps": 5.376732579308841,
  "Tm_C": 234.56609809426868,
  "Q_kgh": 1.754335706246664,
  "Torque_Nm": 0.25
}