{
  "N_rps": 5.4030138005371136,
  "Tm_C": 238.66271499964873,
  "Q_kgh": 3.236027955361099,
  "Torque_Nm": 0.25
}