{
  "N_rps": 4.287816083824643,
  "Tm_C": 220.52141663796786,
  "Q_kgh": 3.887772302013647,
  "Torque_Nm": 0.25
}