{
  "N_rps": 4.97458008459458,
  "Tm_C": 222.72674569234707,
  "Q_kgh": 7.670625260508508,
  "Torque_Nm": 0.25
}