elastomer_wtpct,filler_wtpct,compat_wtpct,N_rps,Tm_C,Q_kgh,Torque_Nm,talc_wtpct,intune_wtpct,stabilizer_wtpct,baseA_wtpct,baseB_wtpct,mode,E_GPa,MFI_g10min,sigma_y_MPa,Izod_23_kJm2,Izod_m20_kJm2,HDT_C,Shrink_pct,rho_gcc,eps_y_pct,Gardner_J,Xc,phi_el,phi_f_talc,phi_f_caco3,phi_f_biofiber,phi_f_biochar,tau_s,pvac_bar_abs
11.781286588776677,0.0,1.7807572056877214,2.644059397022305,227.65675720627732,6.684890129800727,0.25,0.0,0.0,0.21,77.2579562055356,8.97,bo_suggested,0.8938491437910271,25.006308388675166,20.783745807232926,16.829234847557537,2.8862940513923556,85.78642122857,,0.8956270587471704,6.371156441933854,30.10974990014892,0.40705728291259025,0.12269347739259931,0.0,0.0,0.0,0.0,45.0,0.1
