elastomer_wtpct,filler_wtpct,compat_wtpct,N_rps,Tm_C,Q_kgh,Torque_Nm,talc_wtpct,intune_wtpct,stabilizer_wtpct,baseA_wtpct,baseB_wtpct,mode,E_GPa,MFI_g10min,sigma_y_MPa,Izod_23_kJm2,Izod_m20_kJm2,HDT_C,Shrink_pct,rho_gcc,eps_y_pct,Gardner_J,Xc,phi_el,phi_f_talc,phi_f_caco3,phi_f_biofiber,phi_f_biochar,tau_s,pvac_bar_abs
17.325542940965633,4.647246984196664,2.624288478807546,3.6059187711809058,229.2016359302349,5.68645323016091,0.25,0.0,0.0,0.21,66.22292159603016,8.97,bo_suggested,0.7135112731889882,25.012860992664635,20.562604231841725,43.8218565395604,7.515657425712322,79.15280951366731,,0.8931826934522064,8.263097221276094,37.701677502027934,0.38395141629817586,0.188710239148069,0.0,0.0,0.0,0.0,45.0,0.1
