{
  "N_rps": 4.7641498751938425,
  "Tm_C": 234.09782534442778,
  "Q_kgh": 3.640451122578246,
  "Torque_Nm": 0.25
}