{
  "N_rps": 5.418813746375608,
  "Tm_C": 231.94547469757106,
  "Q_kgh": 4.424013783605843,
  "Torque_Nm": 0.25
}