elastomer_wtpct,filler_wtpct,compat_wtpct,N_rps,Tm_C,Q_kgh,Torque_Nm,talc_wtpct,intune_wtpct,stabilizer_wtpct,baseA_wtpct,baseB_wtpct,mode,E_GPa,MFI_g10min,sigma_y_MPa,Izod_23_kJm2,Izod_m20_kJm2,HDT_C,Shrink_pct,rho_gcc,eps_y_pct,Gardner_J,Xc,phi_el,phi_f_talc,phi_f_caco3,phi_f_biofiber,phi_f_biochar,tau_s,pvac_bar_abs
13.889950509772945,8.067814790544535,1.3311982377433165,8.228595575000961,225.47166128943127,2.803744308101596,0.25,0.0,0.0,0.21,67.53103646193921,8.97,bo_suggested,0.7966925396039548,25.11591730354428,21.515026878340397,55.58001980538336,9.532238511950498,82.37075012669014,,0.8942018316347108,7.3730049295801345,34.0662518115993,0.39501575535600214,0.1570978418399939,0.0,0.0,0.0,0.0,45.0,0.1
