elastomer_wtpct,filler_wtpct,compat_wtpct,N_rps,Tm_C,Q_kgh,Torque_Nm,talc_wtpct,intune_wtpct,stabilizer_wtpct,baseA_wtpct,baseB_wtpct,mode,E_GPa,MFI_g10min,sigma_y_MPa,Izod_23_kJm2,Izod_m20_kJm2,HDT_C,Shrink_pct,rho_gcc,eps_y_pct,Gardner_J,Xc,phi_el,phi_f_talc,phi_f_caco3,phi_f_biofiber,phi_f_biochar,tau_s,pvac_bar_abs
9.242319493811621,0.0,1.7624181980206113,2.605234381655654,220.3325687644092,4.352702115980019,0.25,0.0,0.0,0.21,79.81526230816777,8.97,bo_suggested,0.9730054151165801,25.008320649340366,21.561332217639784,18.162808896754562,3.1150083619450553,88.34423353700157,,0.8966772558475496,5.58044577582012,27.081958527423158,0.4162723001339295,0.09636485676020137,0.0,0.0,0.0,0.0,45.0,0.1
