{
  "N_rps": 3.3197855544959705,
  "Tm_C": 233.14175327401017,
  "Q_kgh": 3.374699583397041,
  "Torque_Nm": 0.25
}