{
  "N_rps": 5.125717761721981,
  "Tm_C": 218.3257621977205,
  "Q_kgh": 5.549855265835565,
  "Torque_Nm": 0.25
}