{
  "N_rps": 2.7226805100122986,
  "Tm_C": 221.32956456634236,
  "Q_kgh": 4.317186672955616,
  "Torque_Nm": 0.25
}