{
  "N_rps": 4.863884079604045,
  "Tm_C": 220.23729424928254,
  "Q_kgh": 3.891345349072431,
  "Torque_Nm": 0.25
}