elastomer_wtpct,filler_wtpct,compat_wtpct,N_rps,Tm_C,Q_kgh,Torque_Nm,talc_wtpct,intune_wtpct,stabilizer_wtpct,baseA_wtpct,baseB_wtpct,mode,E_GPa,MFI_g10min,sigma_y_MPa,Izod_23_kJm2,Izod_m20_kJm2,HDT_C,Shrink_pct,rho_gcc,eps_y_pct,Gardner_J,Xc,phi_el,phi_f_talc,phi_f_caco3,phi_f_biofiber,phi_f_biochar,tau_s,pvac_bar_abs
16.411837276790344,0.0,2.32223776249696,2.833436927874368,220.34016519216095,4.3436684921354765,0.25,0.0,0.0,0.21,72.0859249607127,8.97,bo_suggested,0.7605367016590463,25.009568432029486,20.50673276939633,34.65468877741164,5.943444427339091,81.00891346772109,,0.8938160634978375,7.755891571270085,35.615742276667426,0.39029991481014265,0.1705716719710211,0.0,0.0,0.0,0.0,45.0,0.1
