{
  "N_rps": 7.395718837044278,
  "Tm_C": 203.6379120626025,
  "Q_kgh": 8.141378489233215,
  "Torque_Nm": 0.25
}