elastomer_wtpct,filler_wtpct,compat_wtpct,N_rps,Tm_C,Q_kgh,Torque_Nm,talc_wtpct,intune_wtpct,stabilizer_wtpct,baseA_wtpct,baseB_wtpct,mode,E_GPa,MFI_g10min,sigma_y_MPa,Izod_23_kJm2,Izod_m20_kJm2,HDT_C,Shrink_pct,rho_gcc,eps_y_pct,Gardner_J,Xc,phi_el,phi_f_talc,phi_f_caco3,phi_f_biofiber,phi_f_biochar,tau_s,pvac_bar_abs
17.203729475432063,0.0,1.6579240067584526,8.152826363844921,220.06478525544188,3.930346407795748,0.25,0.0,0.0,0.21,71.95834651780949,8.97,bo_suggested,0.7392027912965634,25.073831232582744,21.39767420017618,59.378327285336326,10.183666362595677,80.17932571157998,,0.8933611506502426,7.984650617874301,36.55176173673791,0.38745115993166723,0.17871097162380792,0.0,0.0,0.0,0.0,45.0,0.1
