{
  "N_rps": 3.7871424220535563,
  "Tm_C": 218.81414655921205,
  "Q_kgh": 4.996986115266617,
  "Torque_Nm": 0.25
}