elastomer_wtpct,filler_wtpct,compat_wtpct,N_rps,Tm_C,Q_kgh,Torque_Nm,talc_wtpct,intune_wtpct,stabilizer_wtpct,baseA_wtpct,baseB_wtpct,mode,E_GPa,MFI_g10min,sigma_y_MPa,Izod_23_kJm2,Izod_m20_kJm2,HDT_C,Shrink_pct,rho_gcc,eps_y_pct,Gardner_J,Xc,phi_el,phi_f_talc,phi_f_caco3,phi_f_biofiber,phi_f_biochar,tau_s,pvac_bar_abs
18.0,0.0,1.7901048250980287,2.5,200.0,1.0,0.25,0.0,0.0,0.21,71.02989517490197,8.97,bo_suggested,0.7180713831952145,25.02374212398212,21.32049042047218,60.03658505280568,10.296560709590027,79.33728318555222,,0.8930583115064065,8.213430806195204,37.49570586997979,0.38457828648267023,0.18691918147808506,0.0,0.0,0.0,0.0,45.0,0.1
