{
  "N_rps": 6.007647305820073,
  "Tm_C": 217.4797512828715,
  "Q_kgh": 5.140086794898217,
  "Torque_Nm": 0.25
}