elastomer_wtpct,filler_wtpct,compat_wtpct,N_rps,Tm_C,Q_kgh,Torque_Nm,talc_wtpct,intune_wtpct,stabilizer_wtpct,baseA_wtpct,baseB_wtpct,mode,E_GPa,MFI_g10min,sigma_y_MPa,Izod_23_kJm2,Izod_m20_kJm2,HDT_C,Shrink_pct,rho_gcc,eps_y_pct,Gardner_J,Xc,phi_el,phi_f_talc,phi_f_caco3,phi_f_biofiber,phi_f_biochar,tau_s,pvac_bar_abs
9.91600973549904,1.4131007595455871,1.011840153565911,5.275039171920005,220.16208426748253,3.596125289772346,0.25,0.0,0.0,0.21,78.47904935138946,8.97,bo_suggested,0.9471389200179358,25.034636902932263,21.652925023283412,41.847331662609335,7.177016990880125,87.52837303517796,,0.8961982578710987,5.836530191897026,28.053723405231406,0.41331475485364355,0.10481498613244701,0.0,0.0,0.0,0.0,45.0,0.1
