{
  "N_rps": 5.350765481712212,
  "Tm_C": 230.19851673779425,
  "Q_kgh": 5.965362207124742,
  "Torque_Nm": 0.25
}