elastomer_wtpct,filler_wtpct,compat_wtpct,N_rps,Tm_C,Q_kgh,Torque_Nm,talc_wtpct,intune_wtpct,stabilizer_wtpct,baseA_wtpct,baseB_wtpct,mode,E_GPa,MFI_g10min,sigma_y_MPa,Izod_23_kJm2,Izod_m20_kJm2,HDT_C,Shrink_pct,rho_gcc,eps_y_pct,Gardner_J,Xc,phi_el,phi_f_talc,phi_f_caco3,phi_f_biofiber,phi_f_biochar,tau_s,pvac_bar_abs
16.134597884411207,1.7035548835208416,1.9535583123449674,3.3197855544959705,233.14175327401017,3.374699583397041,0.25,0.0,0.0,0.21,71.02828891972298,8.97,bo_suggested,0.7605026025921979,25.020122457622147,21.156059087144722,49.40903833300908,8.473885754008487,81.00760336947063,,0.8937537017724135,7.756255487046651,35.61722516672525,0.3902954016664884,0.17058456666717606,0.0,0.0,0.0,0.0,45.0,0.1
