{
  "N_rps": 3.7673846031293956,
  "Tm_C": 220.1542514390059,
  "Q_kgh": 2.243101540707804,
  "Torque_Nm": 0.25
}