{
  "N_rps": 8.152826363844921,
  "Tm_C": 220.06478525544188,
  "Q_kgh": 3.930346407795748,
  "Torque_Nm": 0.25
}