elastomer_wtpct,filler_wtpct,compat_wtpct,N_rps,Tm_C,Q_kgh,Torque_Nm,talc_wtpct,intune_wtpct,stabilizer_wtpct,baseA_wtpct,baseB_wtpct,mode,E_GPa,MFI_g10min,sigma_y_MPa,Izod_23_kJm2,Izod_m20_kJm2,HDT_C,Shrink_pct,rho_gcc,eps_y_pct,Gardner_J,Xc,phi_el,phi_f_talc,phi_f_caco3,phi_f_biofiber,phi_f_biochar,tau_s,pvac_bar_abs
13.187003567126219,0.0,0.7770747134345015,5.1353214269514496,220.23877264948237,3.952894517474295,0.25,0.0,0.0,0.21,76.85592171943928,8.97,bo_suggested,0.8519873814691532,25.030002525907364,20.804617903230184,43.581720686372904,7.474472981448554,84.35532041744992,,0.8948505282767169,6.798271890636183,31.779600784528284,0.40197512804708785,0.13721391986546333,0.0,0.0,0.0,0.0,45.0,0.1
