elastomer_wtpct,filler_wtpct,compat_wtpct,N_rps,Tm_C,Q_kgh,Torque_Nm,talc_wtpct,intune_wtpct,stabilizer_wtpct,baseA_wtpct,baseB_wtpct,mode,E_GPa,MFI_g10min,sigma_y_MPa,Izod_23_kJm2,Izod_m20_kJm2,HDT_C,Shrink_pct,rho_gcc,eps_y_pct,Gardner_J,Xc,phi_el,phi_f_talc,phi_f_caco3,phi_f_biofiber,phi_f_biochar,tau_s,pvac_bar_abs
10.57636128224122,0.6268690071403494,2.1101684046362355,3.7673846031293956,220.1542514390059,2.243101540707804,0.25,0.0,0.0,0.21,77.5066013059822,8.97,bo_suggested,0.928763309163049,25.030054937279633,22.303360514322037,48.05201332349548,8.24114949190099,86.93727908329146,,0.8961668089236439,6.0197836658135415,28.754268289154034,0.41118266172866164,0.11090668077525245,0.0,0.0,0.0,0.0,45.0,0.1
