{
  "N_rps": 8.228595575000961,
  "Tm_C": 225.47166128943127,
  "Q_kgh": 2.803744308101596,
  "Torque_Nm": 0.25
}